agent,round,agent_step,module,state_before,region,old_color,new_color,n_conflict_edges_before,n_conflict_edges_after,final_conflicts,success,random_seed
hsp2,1,0,hsp2,"3 2 3 1 2 2 3 2 2 3 1 1 2 0 1 1 1 0 0 1 3 2 2 3 1 3 0 0 0 2 3 3 3 3 0 1 0 1 1 3 0 3 0 0 1",11,1,0,5,4,0,1,1
hsp2,1,1,hsp2,"3 2 3 1 2 2 3 2 2 3 1 0 2 0 1 1 1 0 0 1 3 2 2 3 1 3 0 0 0 2 3 3 3 3 0 1 0 1 1 3 0 3 0 0 1",34,0,3,4,3,0,1,1
hsp2,1,2,hsp2,"3 2 3 1 2 2 3 2 2 3 1 0 2 0 1 1 1 0 0 1 3 2 2 3 1 3 0 0 0 2 3 3 3 3 3 1 0 1 1 3 0 3 0 0 1",26,0,2,3,2,0,1,1
hsp2,1,3,hsp2,"3 2 3 1 2 2 3 2 2 3 1 0 2 0 1 1 1 0 0 1 3 2 2 3 1 3 2 0 0 2 3 3 3 3 3 1 0 1 1 3 0 3 0 0 1",44,1,0,2,0,0,1,1
hsp2,2,0,hsp2,"1 0 3 3 2 2 2 0 1 3 1 1 3 1 0 2 1 1 2 2 1 2 1 0 0 0 0 3 1 3 3 2 0 0 2 3 0 2 2 1 1 3 2 2 2",27,3,2,4,5,0,1,1
hsp2,2,1,hsp2,"1 0 3 3 2 2 2 0 1 3 1 1 3 1 0 2 1 1 2 2 1 2 1 0 0 0 0 2 1 3 3 2 0 0 2 3 0 2 2 1 1 3 2 2 2",26,0,1,5,4,0,1,1
hsp2,2,2,hsp2,"1 0 3 3 2 2 2 0 1 3 1 1 3 1 0 2 1 1 2 2 1 2 1 0 0 0 1 2 1 3 3 2 0 0 2 3 0 2 2 1 1 3 2 2 2",38,2,3,4,2,0,1,1
hsp2,2,3,hsp2,"1 0 3 3 2 2 2 0 1 3 1 1 3 1 0 2 1 1 2 2 1 2 1 0 0 0 1 2 1 3 3 2 0 0 2 3 0 2 3 1 1 3 2 2 2",22,1,3,2,1,0,1,1
hsp2,2,4,hsp2,"1 0 3 3 2 2 2 0 1 3 1 1 3 1 0 2 1 1 2 2 1 2 3 0 0 0 1 2 1 3 3 2 0 0 2 3 0 2 3 1 1 3 2 2 2",15,2,3,1,1,0,1,1
hsp2,2,5,hsp2,"1 0 3 3 2 2 2 0 1 3 1 1 3 1 0 3 1 1 2 2 1 2 3 0 0 0 1 2 1 3 3 2 0 0 2 3 0 2 3 1 1 3 2 2 2",9,3,0,1,0,0,1,1
hsp2,3,0,hsp2,"0 3 0 3 1 2 3 1 2 0 3 1 3 1 3 2 0 1 1 1 0 2 0 2 3 2 2 1 1 3 3 0 1 2 1 0 2 1 0 2 0 1 3 1 2",42,3,1,4,5,0,1,1
hsp2,3,1,hsp2,"0 3 0 3 1 2 3 1 2 0 3 1 3 1 3 2 0 1 1 1 0 2 0 2 3 2 2 1 1 3 3 0 1 2 1 0 2 1 0 2 0 1 1 1 2",43,1,3,5,3,0,1,1
hsp2,3,2,hsp2,"0 3 0 3 1 2 3 1 2 0 3 1 3 1 3 2 0 1 1 1 0 2 0 2 3 2 2 1 1 3 3 0 1 2 1 0 2 1 0 2 0 1 1 3 2",4,1,2,3,3,0,1,1
hsp2,3,3,hsp2,"0 3 0 3 2 2 3 1 2 0 3 1 3 1 3 2 0 1 1 1 0 2 0 2 3 2 2 1 1 3 3 0 1 2 1 0 2 1 0 2 0 1 1 3 2",26,2,3,3,4,0,1,1
hsp2,3,4,hsp2,"0 3 0 3 2 2 3 1 2 0 3 1 3 1 3 2 0 1 1 1 0 2 0 2 3 2 3 1 1 3 3 0 1 2 1 0 2 1 0 2 0 1 1 3 2",1,3,1,4,3,0,1,1
hsp2,3,5,hsp2,"0 1 0 3 2 2 3 1 2 0 3 1 3 1 3 2 0 1 1 1 0 2 0 2 3 2 3 1 1 3 3 0 1 2 1 0 2 1 0 2 0 1 1 3 2",13,1,0,3,2,0,1,1
hsp2,3,6,hsp2,"0 1 0 3 2 2 3 1 2 0 3 1 3 0 3 2 0 1 1 1 0 2 0 2 3 2 3 1 1 3 3 0 1 2 1 0 2 1 0 2 0 1 1 3 2",40,0,1,2,1,0,1,1
hsp2,3,7,hsp2,"0 1 0 3 2 2 3 1 2 0 3 1 3 0 3 2 0 1 1 1 0 2 0 2 3 2 3 1 1 3 3 0 1 2 1 0 2 1 0 2 1 1 1 3 2",11,1,2,1,0,0,1,1
hsp2,4,0,hsp2,"0 0 3 3 3 3 0 0 0 0 3 2 2 2 1 1 0 1 3 0 3 1 0 2 1 3 0 1 1 1 2 2 0 3 1 1 0 0 2 2 3 0 0 1 2",39,2,0,6,5,0,1,1
hsp2,4,1,hsp2,"0 0 3 3 3 3 0 0 0 0 3 2 2 2 1 1 0 1 3 0 3 1 0 2 1 3 0 1 1 1 2 2 0 3 1 1 0 0 2 0 3 0 0 1 2",8,0,2,5,2,0,1,1
hsp2,4,2,hsp2,"0 0 3 3 3 3 0 0 2 0 3 2 2 2 1 1 0 1 3 0 3 1 0 2 1 3 0 1 1 1 2 2 0 3 1 1 0 0 2 0 3 0 0 1 2",36,0,2,2,1,0,1,1
hsp2,4,3,hsp2,"0 0 3 3 3 3 0 0 2 0 3 2 2 2 1 1 0 1 3 0 3 1 0 2 1 3 0 1 1 1 2 2 0 3 1 1 2 0 2 0 3 0 0 1 2",23,2,1,1,1,0,1,1
hsp2,4,4,hsp2,"0 0 3 3 3 3 0 0 2 0 3 2 2 2 1 1 0 1 3 0 3 1 0 1 1 3 0 1 1 1 2 2 0 3 1 1 2 0 2 0 3 0 0 1 2",16,0,2,1,1,0,1,1
hsp2,4,5,hsp2,"0 0 3 3 3 3 0 0 2 0 3 2 2 2 1 1 2 1 3 0 3 1 0 1 1 3 0 1 1 1 2 2 0 3 1 1 2 0 2 0 3 0 0 1 2",25,3,0,1,1,0,1,1
hsp2,4,6,hsp2,"0 0 3 3 3 3 0 0 2 0 3 2 2 2 1 1 2 1 3 0 3 1 0 1 1 0 0 1 1 1 2 2 0 3 1 1 2 0 2 0 3 0 0 1 2",12,2,3,1,0,0,1,1
hsp2,5,0,hsp2,"3 1 2 2 0 3 3 1 0 0 1 2 2 1 0 3 0 0 3 0 0 1 1 3 2 2 3 1 1 1 0 0 3 0 0 1 1 2 2 0 1 2 2 0 1",16,0,2,5,2,0,1,1
hsp2,5,1,hsp2,"3 1 2 2 0 3 3 1 0 0 1 2 2 1 0 3 2 0 3 0 0 1 1 3 2 2 3 1 1 1 0 0 3 0 0 1 1 2 2 0 1 2 2 0 1",13,1,3,2,2,0,1,1
hsp2,5,2,hsp2,"3 1 2 2 0 3 3 1 0 0 1 2 2 3 0 3 2 0 3 0 0 1 1 3 2 2 3 1 1 1 0 0 3 0 0 1 1 2 2 0 1 2 2 0 1",28,1,3,2,1,0,1,1
hsp2,5,3,hsp2,"3 1 2 2 0 3 3 1 0 0 1 2 2 3 0 3 2 0 3 0 0 1 1 3 2 2 3 1 3 1 0 0 3 0 0 1 1 2 2 0 1 2 2 0 1",0,3,1,1,0,0,1,1
hsp2,6,0,hsp2,"0 2 0 3 3 1 0 3 3 3 2 2 0 1 0 2 1 1 3 1 1 1 0 1 0 2 0 2 0 1 0 2 3 2 2 2 1 1 1 0 2 1 0 1 2",33,2,1,7,5,0,1,1
hsp2,6,1,hsp2,"0 2 0 3 3 1 0 3 3 3 2 2 0 1 0 2 1 1 3 1 1 1 0 1 0 2 0 2 0 1 0 2 3 1 2 2 1 1 1 0 2 1 0 1 2",26,0,3,5,3,0,1,1
hsp2,6,2,hsp2,"0 2 0 3 3 1 0 3 3 3 2 2 0 1 0 2 1 1 3 1 1 1 0 1 0 2 3 2 0 1 0 2 3 1 2 2 1 1 1 0 2 1 0 1 2",5,1,3,3,1,0,1,1
hsp2,6,3,hsp2,"0 2 0 3 3 3 0 3 3 3 2 2 0 1 0 2 1 1 3 1 1 1 0 1 0 2 3 2 0 1 0 2 3 1 2 2 1 1 1 0 2 1 0 1 2",7,3,0,1,0,0,1,1
hsp2,7,0,hsp2,"0 0 0 0 3 3 3 1 3 1 0 0 1 3 3 2 1 0 1 2 2 3 1 2 3 2 0 2 1 1 2 1 3 2 0 0 1 3 3 1 2 3 3 3 3",17,0,2,4,3,0,1,1
hsp2,7,1,hsp2,"0 0 0 0 3 3 3 1 3 1 0 0 1 3 3 2 1 2 1 2 2 3 1 2 3 2 0 2 1 1 2 1 3 2 0 0 1 3 3 1 2 3 3 3 3",43,3,0,3,2,0,1,1
hsp2,7,2,hsp2,"0 0 0 0 3 3 3 1 3 1 0 0 1 3 3 2 1 2 1 2 2 3 1 2 3 2 0 2 1 1 2 1 3 2 0 0 1 3 3 1 2 3 3 0 3",29,1,3,2,2,0,1,1
hsp2,7,3,hsp2,"0 0 0 0 3 3 3 1 3 1 0 0 1 3 3 2 1 2 1 2 2 3 1 2 3 2 0 2 1 3 2 1 3 2 0 0 1 3 3 1 2 3 3 0 3",23,2,1,2,1,0,1,1
hsp2,7,4,hsp2,"0 0 0 0 3 3 3 1 3 1 0 0 1 3 3 2 1 2 1 2 2 3 1 1 3 2 0 2 1 3 2 1 3 2 0 0 1 3 3 1 2 3 3 0 3",17,2,1,1,0,0,1,1
hsp2,8,0,hsp2,"2 1 3 3 3 3 2 0 3 3 0 2 3 1 0 1 1 0 3 3 0 0 2 3 3 2 1 0 3 2 2 0 3 0 0 1 1 1 2 1 2 0 0 1 3",14,0,3,4,5,0,1,1
hsp2,8,1,hsp2,"2 1 3 3 3 3 2 0 3 3 0 2 3 1 3 1 1 0 3 3 0 0 2 3 3 2 1 0 3 2 2 0 3 0 0 1 1 1 2 1 2 0 0 1 3",33,0,3,5,6,0,1,1
hsp2,8,2,hsp2,"2 1 3 3 3 3 2 0 3 3 0 2 3 1 3 1 1 0 3 3 0 0 2 3 3 2 1 0 3 2 2 0 3 3 0 1 1 1 2 1 2 0 0 1 3",17,0,2,6,5,0,1,1
hsp2,8,3,hsp2,"2 1 3 3 3 3 2 0 3 3 0 2 3 1 3 1 1 2 3 3 0 0 2 3 3 2 1 0 3 2 2 0 3 3 0 1 1 1 2 1 2 0 0 1 3",9,3,1,5,4,0,1,1
hsp2,8,4,hsp2,"2 1 3 3 3 3 2 0 3 1 0 2 3 1 3 1 1 2 3 3 0 0 2 3 3 2 1 0 3 2 2 0 3 3 0 1 1 1 2 1 2 0 0 1 3",32,3,1,4,3,0,1,1
hsp2,8,5,hsp2,"2 1 3 3 3 3 2 0 3 1 0 2 3 1 3 1 1 2 3 3 0 0 2 3 3 2 1 0 3 2 2 0 1 3 0 1 1 1 2 1 2 0 0 1 3",14,3,0,3,2,0,1,1
hsp2,8,6,hsp2,"2 1 3 3 3 3 2 0 3 1 0 2 3 1 0 1 1 2 3 3 0 0 2 3 3 2 1 0 3 2 2 0 1 3 0 1 1 1 2 1 2 0 0 1 3",1,1,2,2,2,0,1,1
hsp2,8,7,hsp2,"2 2 3 3 3 3 2 0 3 1 0 2 3 1 0 1 1 2 3 3 0 0 2 3 3 2 1 0 3 2 2 0 1 3 0 1 1 1 2 1 2 0 0 1 3",24,3,1,2,1,0,1,1
hsp2,8,8,hsp2,"2 2 3 3 3 3 2 0 3 1 0 2 3 1 0 1 1 2 3 3 0 0 2 3 1 2 1 0 3 2 2 0 1 3 0 1 1 1 2 1 2 0 0 1 3",32,1,0,1,0,0,1,1
hsp2,9,0,hsp2,"0 0 1 0 0 1 1 2 1 3 1 1 1 3 3 0 0 3 0 3 3 2 2 1 3 1 1 2 1 1 0 2 3 0 2 2 2 2 0 3 3 1 0 2 1",23,1,0,4,3,0,1,1
hsp2,9,1,hsp2,"0 0 1 0 0 1 1 2 1 3 1 1 1 3 3 0 0 3 0 3 3 2 2 0 3 1 1 2 1 1 0 2 3 0 2 2 2 2 0 3 3 1 0 2 1",10,1,3,3,2,0,1,1
hsp2,9,2,hsp2,"0 0 1 0 0 1 1 2 1 3 3 1 1 3 3 0 0 3 0 3 3 2 2 0 3 1 1 2 1 1 0 2 3 0 2 2 2 2 0 3 3 1 0 2 1",31,2,0,2,3,0,1,1
hsp2,9,3,hsp2,"0 0 1 0 0 1 1 2 1 3 3 1 1 3 3 0 0 3 0 3 3 2 2 0 3 1 1 2 1 1 0 0 3 0 2 2 2 2 0 3 3 1 0 2 1",23,0,3,3,2,0,1,1
hsp2,9,4,hsp2,"0 0 1 0 0 1 1 2 1 3 3 1 1 3 3 0 0 3 0 3 3 2 2 3 3 1 1 2 1 1 0 0 3 0 2 2 2 2 0 3 3 1 0 2 1",35,2,3,2,2,0,1,1
hsp2,9,5,hsp2,"0 0 1 0 0 1 1 2 1 3 3 1 1 3 3 0 0 3 0 3 3 2 2 3 3 1 1 2 1 1 0 0 3 0 2 3 2 2 0 3 3 1 0 2 1",14,3,2,2,1,0,1,1
hsp2,9,6,hsp2,"0 0 1 0 0 1 1 2 1 3 3 1 1 3 2 0 0 3 0 3 3 2 2 3 3 1 1 2 1 1 0 0 3 0 2 3 2 2 0 3 3 1 0 2 1",1,0,2,1,0,0,1,1
hsp2,10,0,hsp2,"3 0 3 3 0 2 0 0 1 1 1 2 2 2 0 1 1 3 0 3 2 2 2 1 0 0 0 0 1 2 0 2 0 1 1 1 0 0 1 2 3 3 1 0 2",39,2,0,4,3,0,1,1
hsp2,10,1,hsp2,"3 0 3 3 0 2 0 0 1 1 1 2 2 2 0 1 1 3 0 3 2 2 2 1 0 0 0 0 1 2 0 2 0 1 1 1 0 0 1 0 3 3 1 0 2",26,0,1,3,2,0,1,1
hsp2,10,2,hsp2,"3 0 3 3 0 2 0 0 1 1 1 2 2 2 0 1 1 3 0 3 2 2 2 1 0 0 1 0 1 2 0 2 0 1 1 1 0 0 1 0 3 3 1 0 2",17,3,2,2,3,0,1,1
hsp2,10,3,hsp2,"3 0 3 3 0 2 0 0 1 1 1 2 2 2 0 1 1 2 0 3 2 2 2 1 0 0 1 0 1 2 0 2 0 1 1 1 0 0 1 0 3 3 1 0 2",35,1,3,3,2,0,1,1
hsp2,10,4,hsp2,"3 0 3 3 0 2 0 0 1 1 1 2 2 2 0 1 1 2 0 3 2 2 2 1 0 0 1 0 1 2 0 2 0 1 1 3 0 0 1 0 3 3 1 0 2",32,0,2,2,2,0,1,1
hsp2,10,5,hsp2,"3 0 3 3 0 2 0 0 1 1 1 2 2 2 0 1 1 2 0 3 2 2 2 1 0 0 1 0 1 2 0 2 2 1 1 3 0 0 1 0 3 3 1 0 2",20,2,3,2,0,0,1,1
hsp2,11,0,hsp2,"0 3 1 2 1 2 2 0 3 3 1 0 1 0 1 3 2 2 2 2 2 0 0 0 0 2 3 1 1 1 2 0 1 3 1 3 2 0 3 0 0 1 2 0 1",33,3,2,6,7,0,1,1
hsp2,11,1,hsp2,"0 3 1 2 1 2 2 0 3 3 1 0 1 0 1 3 2 2 2 2 2 0 0 0 0 2 3 1 1 1 2 0 1 2 1 3 2 0 3 0 0 1 2 0 1",11,0,3,7,4,0,1,1
hsp2,11,2,hsp2,"0 3 1 2 1 2 2 0 3 3 1 3 1 0 1 3 2 2 2 2 2 0 0 0 0 2 3 1 1 1 2 0 1 2 1 3 2 0 3 0 0 1 2 0 1",37,0,1,4,4,0,1,1
hsp2,11,3,hsp2,"0 3 1 2 1 2 2 0 3 3 1 3 1 0 1 3 2 2 2 2 2 0 0 0 0 2 3 1 1 1 2 0 1 2 1 3 2 1 3 0 0 1 2 0 1",44,1,3,4,4,0,1,1
hsp2,11,4,hsp2,"0 3 1 2 1 2 2 0 3 3 1 3 1 0 1 3 2 2 2 2 2 0 0 0 0 2 3 1 1 1 2 0 1 2 1 3 2 1 3 0 0 1 2 0 3",24,0,2,4,7,0,1,1
hsp2,11,5,hsp2,"0 3 1 2 1 2 2 0 3 3 1 3 1 0 1 3 2 2 2 2 2 0 0 0 2 2 3 1 1 1 2 0 1 2 1 3 2 1 3 0 0 1 2 0 3",34,1,2,7,5,0,1,1
hsp2,11,6,hsp2,"0 3 1 2 1 2 2 0 3 3 1 3 1 0 1 3 2 2 2 2 2 0 0 0 2 2 3 1 1 1 2 0 1 2 2 3 2 1 3 0 0 1 2 0 3",24,2,0,5,2,0,1,1
hsp2,11,7,hsp2,"0 3 1 2 1 2 2 0 3 3 1 3 1 0 1 3 2 2 2 2 2 0 0 0 0 2 3 1 1 1 2 0 1 2 2 3 2 1 3 0 0 1 2 0 3",33,2,1,2,0,0,1,1
hsp2,12,0,hsp2,"1 3 3 0 0 3 3 3 0 1 1 3 0 0 2 0 3 2 1 2 0 1 1 3 1 0 3 1 2 0 2 2 0 2 2 1 0 1 2 1 0 3 3 3 3",38,2,0,9,10,0,1,1
hsp2,12,1,hsp2,"1 3 3 0 0 3 3 3 0 1 1 3 0 0 2 0 3 2 1 2 0 1 1 3 1 0 3 1 2 0 2 2 0 2 2 1 0 1 0 1 0 3 3 3 3",5,3,2,10,7,0,1,1
hsp2,12,2,hsp2,"1 3 3 0 0 2 3 3 0 1 1 3 0 0 2 0 3 2 1 2 0 1 1 3 1 0 3 1 2 0 2 2 0 2 2 1 0 1 0 1 0 3 3 3 3",13,0,2,7,4,0,1,1
hsp2,12,3,hsp2,"1 3 3 0 0 2 3 3 0 1 1 3 0 2 2 0 3 2 1 2 0 1 1 3 1 0 3 1 2 0 2 2 0 2 2 1 0 1 0 1 0 3 3 3 3",22,1,2,4,4,0,1,1
hsp2,12,4,hsp2,"1 3 3 0 0 2 3 3 0 1 1 3 0 2 2 0 3 2 1 2 0 1 2 3 1 0 3 1 2 0 2 2 0 2 2 1 0 1 0 1 0 3 3 3 3",36,0,2,4,3,0,1,1
hsp2,12,5,hsp2,"1 3 3 0 0 2 3 3 0 1 1 3 0 2 2 0 3 2 1 2 0 1 2 3 1 0 3 1 2 0 2 2 0 2 2 1 2 1 0 1 0 3 3 3 3",40,0,1,3,1,0,1,1
hsp2,12,6,hsp2,"1 3 3 0 0 2 3 3 0 1 1 3 0 2 2 0 3 2 1 2 0 1 2 3 1 0 3 1 2 0 2 2 0 2 2 1 2 1 0 1 1 3 3 3 3",36,2,1,1,0,0,1,1
hsp2,13,0,hsp2,"1 3 1 3 1 3 3 1 2 0 1 3 3 1 2 1 0 3 1 3 2 0 0 3 0 3 2 2 0 2 1 1 3 1 1 2 0 0 1 0 0 0 2 0 0",1,3,0,8,7,2,0,1
hsp2,13,1,hsp2,"1 0 1 3 1 3 3 1 2 0 1 3 3 1 2 1 0 3 1 3 2 0 0 3 0 3 2 2 0 2 1 1 3 1 1 2 0 0 1 0 0 0 2 0 0",27,2,1,7,9,2,0,1
hsp2,13,2,hsp2,"1 0 1 3 1 3 3 1 2 0 1 3 3 1 2 1 0 3 1 3 2 0 0 3 0 3 2 1 0 2 1 1 3 1 1 2 0 0 1 0 0 0 2 0 0",36,0,3,9,7,2,0,1
hsp2,13,3,hsp2,"1 0 1 3 1 3 3 1 2 0 1 3 3 1 2 1 0 3 1 3 2 0 0 3 0 3 2 1 0 2 1 1 3 1 1 2 3 0 1 0 0 0 2 0 0",10,1,3,7,4,2,0,1
hsp2,13,4,hsp2,"1 0 1 3 1 3 3 1 2 0 3 3 3 1 2 1 0 3 1 3 2 0 0 3 0 3 2 1 0 2 1 1 3 1 1 2 3 0 1 0 0 0 2 0 0",5,3,2,4,3,2,0,1
hsp2,13,5,hsp2,"1 0 1 3 1 2 3 1 2 0 3 3 3 1 2 1 0 3 1 3 2 0 0 3 0 3 2 1 0 2 1 1 3 1 1 2 3 0 1 0 0 0 2 0 0",34,1,0,3,2,2,0,1
hsp2,13,6,hsp2,"1 0 1 3 1 2 3 1 2 0 3 3 3 1 2 1 0 3 1 3 2 0 0 3 0 3 2 1 0 2 1 1 3 1 0 2 3 0 1 0 0 0 2 0 0",29,2,3,2,2,2,0,1
hsp2,14,0,hsp2,"3 3 0 2 2 0 1 1 3 2 3 3 0 2 3 1 1 1 0 2 3 3 2 2 1 1 0 0 0 1 2 2 3 1 0 2 1 2 1 0 2 3 2 3 3",31,2,3,6,4,0,1,1
hsp2,14,1,hsp2,"3 3 0 2 2 0 1 1 3 2 3 3 0 2 3 1 1 1 0 2 3 3 2 2 1 1 0 0 0 1 2 3 3 1 0 2 1 2 1 0 2 3 2 3 3",23,2,1,4,4,0,1,1
hsp2,14,2,hsp2,"3 3 0 2 2 0 1 1 3 2 3 3 0 2 3 1 1 1 0 2 3 3 2 1 1 1 0 0 0 1 2 3 3 1 0 2 1 2 1 0 2 3 2 3 3",12,0,1,4,5,0,1,1
hsp2,14,3,hsp2,"3 3 0 2 2 0 1 1 3 2 3 3 1 2 3 1 1 1 0 2 3 3 2 1 1 1 0 0 0 1 2 3 3 1 0 2 1 2 1 0 2 3 2 3 3",44,3,0,5,4,0,1,1
hsp2,14,4,hsp2,"3 3 0 2 2 0 1 1 3 2 3 3 1 2 3 1 1 1 0 2 3 3 2 1 1 1 0 0 0 1 2 3 3 1 0 2 1 2 1 0 2 3 2 3 0",15,1,2,4,3,0,1,1
hsp2,14,5,hsp2,"3 3 0 2 2 0 1 1 3 2 3 3 1 2 3 2 1 1 0 2 3 3 2 1 1 1 0 0 0 1 2 3 3 1 0 2 1 2 1 0 2 3 2 3 0",13,2,3,3,2,0,1,1
hsp2,14,6,hsp2,"3 3 0 2 2 0 1 1 3 2 3 3 1 3 3 2 1 1 0 2 3 3 2 1 1 1 0 0 0 1 2 3 3 1 0 2 1 2 1 0 2 3 2 3 0",7,1,0,2,0,0,1,1
hsp2,15,0,hsp2,"0 2 1 2 1 2 1 0 3 2 0 2 0 1 2 0 0 0 3 3 0 3 2 3 1 3 1 1 1 3 1 0 3 1 3 3 1 1 1 1 2 3 3 0 0",3,2,0,5,5,0,1,1
hsp2,15,1,hsp2,"0 2 1 0 1 2 1 0 3 2 0 2 0 1 2 0 0 0 3 3 0 3 2 3 1 3 1 1 1 3 1 0 3 1 3 3 1 1 1 1 2 3 3 0 0",21,3,0,5,5,0,1,1
hsp2,15,2,hsp2,"0 2 1 0 1 2 1 0 3 2 0 2 0 1 2 0 0 0 3 3 0 0 2 3 1 3 1 1 1 3 1 0 3 1 3 3 1 1 1 1 2 3 3 0 0",27,1,3,5,4,0,1,1
hsp2,15,3,hsp2,"0 2 1 0 1 2 1 0 3 2 0 2 0 1 2 0 0 0 3 3 0 0 2 3 1 3 1 3 1 3 1 0 3 1 3 3 1 1 1 1 2 3 3 0 0",10,0,2,4,2,0,1,1
hsp2,15,4,hsp2,"0 2 1 0 1 2 1 0 3 2 2 2 0 1 2 0 0 0 3 3 0 0 2 3 1 3 1 3 1 3 1 0 3 1 3 3 1 1 1 1 2 3 3 0 0",20,0,3,2,1,0,1,1
hsp2,15,5,hsp2,"0 2 1 0 1 2 1 0 3 2 2 2 0 1 2 0 0 0 3 3 3 0 2 3 1 3 1 3 1 3 1 0 3 1 3 3 1 1 1 1 2 3 3 0 0",0,0,2,1,0,0,1,1
hsp2,16,0,hsp2,"3 2 1 0 3 1 3 2 3 1 0 1 3 2 2 3 0 3 2 0 3 2 2 0 1 3 3 1 0 3 3 2 0 1 2 3 2 0 0 2 3 0 3 0 0",6,3,2,10,11,2,0,1
hsp2,16,1,hsp2,"3 2 1 0 3 1 2 2 3 1 0 1 3 2 2 3 0 3 2 0 3 2 2 0 1 3 3 1 0 3 3 2 0 1 2 3 2 0 0 2 3 0 3 0 0",25,3,2,11,11,2,0,1
hsp2,16,2,hsp2,"3 2 1 0 3 1 2 2 3 1 0 1 3 2 2 3 0 3 2 0 3 2 2 0 1 2 3 1 0 3 3 2 0 1 2 3 2 0 0 2 3 0 3 0 0",40,3,0,11,9,2,0,1
hsp2,16,3,hsp2,"3 2 1 0 3 1 2 2 3 1 0 1 3 2 2 3 0 3 2 0 3 2 2 0 1 2 3 1 0 3 3 2 0 1 2 3 2 0 0 2 0 0 3 0 0",8,3,2,9,7,2,0,1
hsp2,16,4,hsp2,"3 2 1 0 3 1 2 2 2 1 0 1 3 2 2 3 0 3 2 0 3 2 2 0 1 2 3 1 0 3 3 2 0 1 2 3 2 0 0 2 0 0 3 0 0",0,3,1,7,5,2,0,1
hsp2,16,5,hsp2,"1 2 1 0 3 1 2 2 2 1 0 1 3 2 2 3 0 3 2 0 3 2 2 0 1 2 3 1 0 3 3 2 0 1 2 3 2 0 0 2 0 0 3 0 0",6,2,3,5,2,2,0,1
hsp2,16,6,hsp2,"1 2 1 0 3 1 3 2 2 1 0 1 3 2 2 3 0 3 2 0 3 2 2 0 1 2 3 1 0 3 3 2 0 1 2 3 2 0 0 2 0 0 3 0 0",23,0,2,2,4,2,0,1
hsp2,16,7,hsp2,"1 2 1 0 3 1 3 2 2 1 0 1 3 2 2 3 0 3 2 0 3 2 2 2 1 2 3 1 0 3 3 2 0 1 2 3 2 0 0 2 0 0 3 0 0",23,2,0,4,2,2,0,1
hsp2,17,0,hsp2,"2 0 3 3 2 1 2 2 2 0 3 3 1 3 3 1 0 3 3 3 1 0 2 2 3 2 1 1 0 1 0 0 2 3 3 1 3 2 1 2 0 1 3 1 3",30,0,3,10,11,0,1,1
hsp2,17,1,hsp2,"2 0 3 3 2 1 2 2 2 0 3 3 1 3 3 1 0 3 3 3 1 0 2 2 3 2 1 1 0 1 3 0 2 3 3 1 3 2 1 2 0 1 3 1 3",36,3,1,11,9,0,1,1
hsp2,17,2,hsp2,"2 0 3 3 2 1 2 2 2 0 3 3 1 3 3 1 0 3 3 3 1 0 2 2 3 2 1 1 0 1 3 0 2 3 3 1 1 2 1 2 0 1 3 1 3",18,3,0,9,6,0,1,1
hsp2,17,3,hsp2,"2 0 3 3 2 1 2 2 2 0 3 3 1 3 3 1 0 3 0 3 1 0 2 2 3 2 1 1 0 1 3 0 2 3 3 1 1 2 1 2 0 1 3 1 3",37,2,3,6,5,0,1,1
hsp2,17,4,hsp2,"2 0 3 3 2 1 2 2 2 0 3 3 1 3 3 1 0 3 0 3 1 0 2 2 3 2 1 1 0 1 3 0 2 3 3 1 1 3 1 2 0 1 3 1 3",19,3,0,5,3,0,1,1
hsp2,17,5,hsp2,"2 0 3 3 2 1 2 2 2 0 3 3 1 3 3 1 0 3 0 0 1 0 2 2 3 2 1 1 0 1 3 0 2 3 3 1 1 3 1 2 0 1 3 1 3",26,1,2,3,3,0,1,1
hsp2,17,6,hsp2,"2 0 3 3 2 1 2 2 2 0 3 3 1 3 3 1 0 3 0 0 1 0 2 2 3 2 2 1 0 1 3 0 2 3 3 1 1 3 1 2 0 1 3 1 3",31,0,1,3,3,0,1,1
hsp2,17,7,hsp2,"2 0 3 3 2 1 2 2 2 0 3 3 1 3 3 1 0 3 0 0 1 0 2 2 3 2 2 1 0 1 3 1 2 3 3 1 1 3 1 2 0 1 3 1 3",30,3,0,3,1,0,1,1
hsp2,17,8,hsp2,"2 0 3 3 2 1 2 2 2 0 3 3 1 3 3 1 0 3 0 0 1 0 2 2 3 2 2 1 0 1 0 1 2 3 3 1 1 3 1 2 0 1 3 1 3",11,3,0,1,4,0,1,1
hsp2,17,9,hsp2,"2 0 3 3 2 1 2 2 2 0 3 0 1 3 3 1 0 3 0 0 1 0 2 2 3 2 2 1 0 1 0 1 2 3 3 1 1 3 1 2 0 1 3 1 3",11,0,3,4,1,0,1,1
hsp2,17,10,hsp2,"2 0 3 3 2 1 2 2 2 0 3 3 1 3 3 1 0 3 0 0 1 0 2 2 3 2 2 1 0 1 0 1 2 3 3 1 1 3 1 2 0 1 3 1 3",3,3,1,1,2,0,1,1
hsp2,17,11,hsp2,"2 0 3 1 2 1 2 2 2 0 3 3 1 3 3 1 0 3 0 0 1 0 2 2 3 2 2 1 0 1 0 1 2 3 3 1 1 3 1 2 0 1 3 1 3",3,1,3,2,1,0,1,1
hsp2,17,12,hsp2,"2 0 3 3 2 1 2 2 2 0 3 3 1 3 3 1 0 3 0 0 1 0 2 2 3 2 2 1 0 1 0 1 2 3 3 1 1 3 1 2 0 1 3 1 3",19,0,1,1,0,0,1,1
hsp2,18,0,hsp2,"1 3 0 2 3 1 0 1 1 0 2 3 0 2 3 2 2 1 2 3 2 0 0 0 3 3 3 1 0 1 0 1 1 0 0 2 2 1 1 0 0 2 3 1 3",31,1,2,7,7,3,0,1
hsp2,18,1,hsp2,"1 3 0 2 3 1 0 1 1 0 2 3 0 2 3 2 2 1 2 3 2 0 0 0 3 3 3 1 0 1 0 2 1 0 0 2 2 1 1 0 0 2 3 1 3",26,3,2,7,9,3,0,1
hsp2,18,2,hsp2,"1 3 0 2 3 1 0 1 1 0 2 3 0 2 3 2 2 1 2 3 2 0 0 0 3 3 2 1 0 1 0 2 1 0 0 2 2 1 1 0 0 2 3 1 3",23,0,2,9,7,3,0,1
hsp2,18,3,hsp2,"1 3 0 2 3 1 0 1 1 0 2 3 0 2 3 2 2 1 2 3 2 0 0 2 3 3 2 1 0 1 0 2 1 0 0 2 2 1 1 0 0 2 3 1 3",28,0,1,7,6,3,0,1
hsp2,18,4,hsp2,"1 3 0 2 3 1 0 1 1 0 2 3 0 2 3 2 2 1 2 3 2 0 0 2 3 3 2 1 1 1 0 2 1 0 0 2 2 1 1 0 0 2 3 1 3",16,2,1,6,5,3,0,1
hsp2,18,5,hsp2,"1 3 0 2 3 1 0 1 1 0 2 3 0 2 3 2 1 1 2 3 2 0 0 2 3 3 2 1 1 1 0 2 1 0 0 2 2 1 1 0 0 2 3 1 3",41,2,3,5,3,3,0,1
hsp2,19,0,hsp2,"3 0 3 1 2 2 1 0 2 3 0 3 3 3 0 0 3 3 0 1 1 1 1 0 2 1 2 3 1 0 2 3 2 2 3 0 3 1 0 2 2 1 0 0 2",21,1,0,5,4,0,1,1
hsp2,19,1,hsp2,"3 0 3 1 2 2 1 0 2 3 0 3 3 3 0 0 3 3 0 1 1 0 1 0 2 1 2 3 1 0 2 3 2 2 3 0 3 1 0 2 2 1 0 0 2",18,0,1,4,2,0,1,1
hsp2,19,2,hsp2,"3 0 3 1 2 2 1 0 2 3 0 3 3 3 0 0 3 3 1 1 1 0 1 0 2 1 2 3 1 0 2 3 2 2 3 0 3 1 0 2 2 1 0 0 2",32,2,0,2,1,0,1,1
hsp2,19,3,hsp2,"3 0 3 1 2 2 1 0 2 3 0 3 3 3 0 0 3 3 1 1 1 0 1 0 2 1 2 3 1 0 2 3 0 2 3 0 3 1 0 2 2 1 0 0 2",1,0,1,1,0,0,1,1
hsp2,20,0,hsp2,"0 1 3 2 0 2 3 1 2 2 2 0 1 2 2 2 1 0 3 0 3 1 3 3 3 3 2 1 1 2 0 3 3 3 1 2 2 0 2 3 1 1 3 0 2",1,1,0,4,6,0,1,1
hsp2,20,1,hsp2,"0 0 3 2 0 2 3 1 2 2 2 0 1 2 2 2 1 0 3 0 3 1 3 3 3 3 2 1 1 2 0 3 3 3 1 2 2 0 2 3 1 1 3 0 2",26,2,0,6,4,0,1,1
hsp2,20,2,hsp2,"0 0 3 2 0 2 3 1 2 2 2 0 1 2 2 2 1 0 3 0 3 1 3 3 3 3 0 1 1 2 0 3 3 3 1 2 2 0 2 3 1 1 3 0 2",5,2,0,4,3,0,1,1
hsp2,20,3,hsp2,"0 0 3 2 0 0 3 1 2 2 2 0 1 2 2 2 1 0 3 0 3 1 3 3 3 3 0 1 1 2 0 3 3 3 1 2 2 0 2 3 1 1 3 0 2",4,0,1,3,1,0,1,1
hsp2,20,4,hsp2,"0 0 3 2 1 0 3 1 2 2 2 0 1 2 2 2 1 0 3 0 3 1 3 3 3 3 0 1 1 2 0 3 3 3 1 2 2 0 2 3 1 1 3 0 2",39,3,1,1,1,0,1,1
hsp2,20,5,hsp2,"0 0 3 2 1 0 3 1 2 2 2 0 1 2 2 2 1 0 3 0 3 1 3 3 3 3 0 1 1 2 0 3 3 3 1 2 2 0 2 1 1 1 3 0 2",1,0,3,1,0,0,1,1
hsp2,21,0,hsp2,"0 2 2 3 1 2 3 3 3 1 0 2 2 1 1 1 3 2 1 1 0 0 3 3 0 3 0 0 3 1 1 1 2 1 2 1 0 2 0 2 2 3 2 0 3",31,1,0,6,6,0,1,1
hsp2,21,1,hsp2,"0 2 2 3 1 2 3 3 3 1 0 2 2 1 1 1 3 2 1 1 0 0 3 3 0 3 0 0 3 1 1 0 2 1 2 1 0 2 0 2 2 3 2 0 3",18,1,0,6,4,0,1,1
hsp2,21,2,hsp2,"0 2 2 3 1 2 3 3 3 1 0 2 2 1 1 1 3 2 0 1 0 0 3 3 0 3 0 0 3 1 1 0 2 1 2 1 0 2 0 2 2 3 2 0 3",5,2,3,4,3,0,1,1
hsp2,21,3,hsp2,"0 2 2 3 1 3 3 3 3 1 0 2 2 1 1 1 3 2 0 1 0 0 3 3 0 3 0 0 3 1 1 0 2 1 2 1 0 2 0 2 2 3 2 0 3",25,3,1,3,3,0,1,1
hsp2,21,4,hsp2,"0 2 2 3 1 3 3 3 3 1 0 2 2 1 1 1 3 2 0 1 0 0 3 3 0 1 0 0 3 1 1 0 2 1 2 1 0 2 0 2 2 3 2 0 3",31,0,3,3,0,0,1,1
hsp2,22,0,hsp2,"0 3 2 0 1 1 2 2 2 3 2 0 3 3 0 2 2 0 1 3 3 1 3 1 3 3 2 3 1 2 1 3 1 2 0 0 0 1 0 3 0 2 0 0 0",41,2,0,8,7,0,1,1
hsp2,22,1,hsp2,"0 3 2 0 1 1 2 2 2 3 2 0 3 3 0 2 2 0 1 3 3 1 3 1 3 3 2 3 1 2 1 3 1 2 0 0 0 1 0 3 0 0 0 0 0",22,3,0,7,5,0,1,1
hsp2,22,2,hsp2,"0 3 2 0 1 1 2 2 2 3 2 0 3 3 0 2 2 0 1 3 3 1 0 1 3 3 2 3 1 2 1 3 1 2 0 0 0 1 0 3 0 0 0 0 0",21,1,2,5,6,0,1,1
hsp2,22,3,hsp2,"0 3 2 0 1 1 2 2 2 3 2 0 3 3 0 2 2 0 1 3 3 2 0 1 3 3 2 3 1 2 1 3 1 2 0 0 0 1 0 3 0 0 0 0 0",36,0,2,6,4,0,1,1
hsp2,22,4,hsp2,"0 3 2 0 1 1 2 2 2 3 2 0 3 3 0 2 2 0 1 3 3 2 0 1 3 3 2 3 1 2 1 3 1 2 0 0 2 1 0 3 0 0 0 0 0",42,0,3,4,3,0,1,1
hsp2,22,5,hsp2,"0 3 2 0 1 1 2 2 2 3 2 0 3 3 0 2 2 0 1 3 3 2 0 1 3 3 2 3 1 2 1 3 1 2 0 0 2 1 0 3 0 0 3 0 0",35,0,2,3,2,0,1,1
hsp2,22,6,hsp2,"0 3 2 0 1 1 2 2 2 3 2 0 3 3 0 2 2 0 1 3 3 2 0 1 3 3 2 3 1 2 1 3 1 2 0 2 2 1 0 3 0 0 3 0 0",7,2,1,2,1,0,1,1
hsp2,22,7,hsp2,"0 3 2 0 1 1 2 1 2 3 2 0 3 3 0 2 2 0 1 3 3 2 0 1 3 3 2 3 1 2 1 3 1 2 0 2 2 1 0 3 0 0 3 0 0",3,0,1,1,0,0,1,1
hsp2,23,0,hsp2,"3 0 2 1 2 1 2 3 2 1 3 1 2 2 3 0 3 2 1 1 2 3 3 0 1 1 1 2 3 2 2 0 0 0 1 2 1 1 0 2 3 3 1 3 0",23,0,2,6,7,0,1,1
hsp2,23,1,hsp2,"3 0 2 1 2 1 2 3 2 1 3 1 2 2 3 0 3 2 1 1 2 3 3 2 1 1 1 2 3 2 2 0 0 0 1 2 1 1 0 2 3 3 1 3 0",13,2,0,7,5,0,1,1
hsp2,23,2,hsp2,"3 0 2 1 2 1 2 3 2 1 3 1 2 0 3 0 3 2 1 1 2 3 3 2 1 1 1 2 3 2 2 0 0 0 1 2 1 1 0 2 3 3 1 3 0",30,2,3,5,3,0,1,1
hsp2,23,3,hsp2,"3 0 2 1 2 1 2 3 2 1 3 1 2 0 3 0 3 2 1 1 2 3 3 2 1 1 1 2 3 2 3 0 0 0 1 2 1 1 0 2 3 3 1 3 0",6,2,3,3,1,0,1,1
hsp2,23,4,hsp2,"3 0 2 1 2 1 3 3 2 1 3 1 2 0 3 0 3 2 1 1 2 3 3 2 1 1 1 2 3 2 3 0 0 0 1 2 1 1 0 2 3 3 1 3 0",12,2,0,1,0,0,1,1
hsp2,24,0,hsp2,"3 1 0 1 1 1 2 2 3 3 2 3 3 2 2 0 0 3 3 1 1 2 3 0 2 1 0 1 3 2 2 1 2 0 1 0 0 2 0 1 0 1 0 0 3",1,1,3,4,4,0,1,1
hsp2,24,1,hsp2,"3 3 0 1 1 1 2 2 3 3 2 3 3 2 2 0 0 3 3 1 1 2 3 0 2 1 0 1 3 2 2 1 2 0 1 0 0 2 0 1 0 1 0 0 3",24,2,1,4,2,0,1,1
hsp2,24,2,hsp2,"3 3 0 1 1 1 2 2 3 3 2 3 3 2 2 0 0 3 3 1 1 2 3 0 1 1 0 1 3 2 2 1 2 0 1 0 0 2 0 1 0 1 0 0 3",17,3,1,2,1,0,1,1
hsp2,24,3,hsp2,"3 3 0 1 1 1 2 2 3 3 2 3 3 2 2 0 0 1 3 1 1 2 3 0 1 1 0 1 3 2 2 1 2 0 1 0 0 2 0 1 0 1 0 0 3",16,0,1,1,0,0,1,1
hsp2,25,0,hsp2,"2 3 3 2 1 0 1 1 3 3 3 2 2 1 0 2 2 3 3 2 3 2 2 1 3 1 0 2 3 0 0 3 0 2 2 0 0 3 0 2 2 2 3 3 1",42,3,1,10,7,0,1,1
hsp2,25,1,hsp2,"2 3 3 2 1 0 1 1 3 3 3 2 2 1 0 2 2 3 3 2 3 2 2 1 3 1 0 2 3 0 0 3 0 2 2 0 0 3 0 2 2 2 1 3 1",4,1,0,7,6,0,1,1
hsp2,25,2,hsp2,"2 3 3 2 0 0 1 1 3 3 3 2 2 1 0 2 2 3 3 2 3 2 2 1 3 1 0 2 3 0 0 3 0 2 2 0 0 3 0 2 2 2 1 3 1",31,3,1,6,5,0,1,1
hsp2,25,3,hsp2,"2 3 3 2 0 0 1 1 3 3 3 2 2 1 0 2 2 3 3 2 3 2 2 1 3 1 0 2 3 0 0 1 0 2 2 0 0 3 0 2 2 2 1 3 1",5,0,3,5,7,0,1,1
hsp2,25,4,hsp2,"2 3 3 2 0 3 1 1 3 3 3 2 2 1 0 2 2 3 3 2 3 2 2 1 3 1 0 2 3 0 0 1 0 2 2 0 0 3 0 2 2 2 1 3 1",35,0,3,7,7,0,1,1
hsp2,25,5,hsp2,"2 3 3 2 0 3 1 1 3 3 3 2 2 1 0 2 2 3 3 2 3 2 2 1 3 1 0 2 3 0 0 1 0 2 2 3 0 3 0 2 2 2 1 3 1",39,2,1,7,4,0,1,1
hsp2,25,6,hsp2,"2 3 3 2 0 3 1 1 3 3 3 2 2 1 0 2 2 3 3 2 3 2 2 1 3 1 0 2 3 0 0 1 0 2 2 3 0 3 0 1 2 2 1 3 1",5,3,0,4,2,0,1,1
hsp2,25,7,hsp2,"2 3 3 2 0 0 1 1 3 3 3 2 2 1 0 2 2 3 3 2 3 2 2 1 3 1 0 2 3 0 0 1 0 2 2 3 0 3 0 1 2 2 1 3 1",33,2,0,2,2,0,1,1
hsp2,25,8,hsp2,"2 3 3 2 0 0 1 1 3 3 3 2 2 1 0 2 2 3 3 2 3 2 2 1 3 1 0 2 3 0 0 1 0 0 2 3 0 3 0 1 2 2 1 3 1",42,1,2,2,2,0,1,1
hsp2,25,9,hsp2,"2 3 3 2 0 0 1 1 3 3 3 2 2 1 0 2 2 3 3 2 3 2 2 1 3 1 0 2 3 0 0 1 0 0 2 3 0 3 0 1 2 2 2 3 1",35,3,1,2,0,0,1,1
hsp2,26,0,hsp2,"1 0 3 1 3 2 1 1 3 2 3 2 3 2 1 1 3 3 0 1 3 2 0 0 0 3 3 0 0 2 1 3 3 0 1 3 0 3 0 1 1 0 2 2 3",1,0,3,7,6,0,1,1
hsp2,26,1,hsp2,"1 3 3 1 3 2 1 1 3 2 3 2 3 2 1 1 3 3 0 1 3 2 0 0 0 3 3 0 0 2 1 3 3 0 1 3 0 3 0 1 1 0 2 2 3",37,3,0,6,4,0,1,1
hsp2,26,2,hsp2,"1 3 3 1 3 2 1 1 3 2 3 2 3 2 1 1 3 3 0 1 3 2 0 0 0 3 3 0 0 2 1 3 3 0 1 3 0 0 0 1 1 0 2 2 3",28,0,2,4,3,0,1,1
hsp2,26,3,hsp2,"1 3 3 1 3 2 1 1 3 2 3 2 3 2 1 1 3 3 0 1 3 2 0 0 0 3 3 0 2 2 1 3 3 0 1 3 0 0 0 1 1 0 2 2 3",31,3,0,3,2,0,1,1
hsp2,26,4,hsp2,"1 3 3 1 3 2 1 1 3 2 3 2 3 2 1 1 3 3 0 1 3 2 0 0 0 3 3 0 2 2 1 0 3 0 1 3 0 0 0 1 1 0 2 2 3",43,2,0,2,2,0,1,1
hsp2,26,5,hsp2,"1 3 3 1 3 2 1 1 3 2 3 2 3 2 1 1 3 3 0 1 3 2 0 0 0 3 3 0 2 2 1 0 3 0 1 3 0 0 0 1 1 0 2 0 3",1,3,2,2,0,0,1,1
hsp2,27,0,hsp2,"3 2 0 2 2 3 2 0 1 2 1 3 1 0 0 1 1 1 3 3 2 0 1 3 3 0 2 0 0 3 1 2 3 2 3 1 0 2 0 2 0 3 3 2 1",28,0,1,4,3,0,1,1
hsp2,27,1,hsp2,"3 2 0 2 2 3 2 0 1 2 1 3 1 0 0 1 1 1 3 3 2 0 1 3 3 0 2 0 1 3 1 2 3 2 3 1 0 2 0 2 0 3 3 2 1",5,3,1,3,2,0,1,1
hsp2,27,2,hsp2,"3 2 0 2 2 1 2 0 1 2 1 3 1 0 0 1 1 1 3 3 2 0 1 3 3 0 2 0 1 3 1 2 3 2 3 1 0 2 0 2 0 3 3 2 1",6,2,0,2,1,0,1,1
hsp2,27,3,hsp2,"3 2 0 2 2 1 0 0 1 2 1 3 1 0 0 1 1 1 3 3 2 0 1 3 3 0 2 0 1 3 1 2 3 2 3 1 0 2 0 2 0 3 3 2 1",35,1,3,1,1,0,1,1
hsp2,27,4,hsp2,"3 2 0 2 2 1 0 0 1 2 1 3 1 0 0 1 1 1 3 3 2 0 1 3 3 0 2 0 1 3 1 2 3 2 3 3 0 2 0 2 0 3 3 2 1",11,3,2,1,0,0,1,1
hsp2,28,0,hsp2,"1 1 2 1 3 0 2 3 3 3 2 3 0 1 1 0 1 0 3 0 3 0 1 1 2 1 0 0 3 1 3 3 2 2 3 2 2 1 2 2 3 3 3 2 1",39,2,1,9,8,0,1,1
hsp2,28,1,hsp2,"1 1 2 1 3 0 2 3 3 3 2 3 0 1 1 0 1 0 3 0 3 0 1 1 2 1 0 0 3 1 3 3 2 2 3 2 2 1 2 1 3 3 3 2 1",1,1,2,8,8,0,1,1
hsp2,28,2,hsp2,"1 2 2 1 3 0 2 3 3 3 2 3 0 1 1 0 1 0 3 0 3 0 1 1 2 1 0 0 3 1 3 3 2 2 3 2 2 1 2 1 3 3 3 2 1",40,3,1,8,6,0,1,1
hsp2,28,3,hsp2,"1 2 2 1 3 0 2 3 3 3 2 3 0 1 1 0 1 0 3 0 3 0 1 1 2 1 0 0 3 1 3 3 2 2 3 2 2 1 2 1 1 3 3 2 1",1,2,0,6,4,0,1,1
hsp2,28,4,hsp2,"1 0 2 1 3 0 2 3 3 3 2 3 0 1 1 0 1 0 3 0 3 0 1 1 2 1 0 0 3 1 3 3 2 2 3 2 2 1 2 1 1 3 3 2 1",14,1,0,4,2,0,1,1
hsp2,28,5,hsp2,"1 0 2 1 3 0 2 3 3 3 2 3 0 1 0 0 1 0 3 0 3 0 1 1 2 1 0 0 3 1 3 3 2 2 3 2 2 1 2 1 1 3 3 2 1",8,3,0,2,1,0,1,1
hsp2,28,6,hsp2,"1 0 2 1 3 0 2 3 0 3 2 3 0 1 0 0 1 0 3 0 3 0 1 1 2 1 0 0 3 1 3 3 2 2 3 2 2 1 2 1 1 3 3 2 1",13,1,2,1,0,0,1,1
hsp2,29,0,hsp2,"2 0 3 3 3 1 1 2 0 3 1 2 0 1 2 0 3 0 3 1 2 2 2 3 1 0 0 1 3 2 0 3 0 2 3 2 0 1 1 2 1 3 0 0 1",31,3,1,4,2,0,1,1
hsp2,29,1,hsp2,"2 0 3 3 3 1 1 2 0 3 1 2 0 1 2 0 3 0 3 1 2 2 2 3 1 0 0 1 3 2 0 1 0 2 3 2 0 1 1 2 1 3 0 0 1",26,0,2,2,3,0,1,1
hsp2,29,2,hsp2,"2 0 3 3 3 1 1 2 0 3 1 2 0 1 2 0 3 0 3 1 2 2 2 3 1 0 2 1 3 2 0 1 0 2 3 2 0 1 1 2 1 3 0 0 1",7,2,0,3,1,0,1,1
hsp2,29,3,hsp2,"2 0 3 3 3 1 1 0 0 3 1 2 0 1 2 0 3 0 3 1 2 2 2 3 1 0 2 1 3 2 0 1 0 2 3 2 0 1 1 2 1 3 0 0 1",6,1,3,1,0,0,1,1
hsp2,30,0,hsp2,"3 0 1 2 0 0 3 0 0 1 0 0 3 1 2 0 1 3 1 3 3 3 1 0 3 1 0 3 0 2 2 2 2 1 3 2 2 1 0 3 3 3 0 2 2",31,2,1,7,6,0,1,1
hsp2,30,1,hsp2,"3 0 1 2 0 0 3 0 0 1 0 0 3 1 2 0 1 3 1 3 3 3 1 0 3 1 0 3 0 2 2 1 2 1 3 2 2 1 0 3 3 3 0 2 2",13,1,2,6,4,0,1,1
hsp2,30,2,hsp2,"3 0 1 2 0 0 3 0 0 1 0 0 3 2 2 0 1 3 1 3 3 3 1 0 3 1 0 3 0 2 2 1 2 1 3 2 2 1 0 3 3 3 0 2 2",10,0,3,4,2,0,1,1
hsp2,30,3,hsp2,"3 0 1 2 0 0 3 0 0 1 3 0 3 2 2 0 1 3 1 3 3 3 1 0 3 1 0 3 0 2 2 1 2 1 3 2 2 1 0 3 3 3 0 2 2",6,3,1,2,1,0,1,1
hsp2,30,4,hsp2,"3 0 1 2 0 0 1 0 0 1 3 0 3 2 2 0 1 3 1 3 3 3 1 0 3 1 0 3 0 2 2 1 2 1 3 2 2 1 0 3 3 3 0 2 2",1,0,1,1,0,0,1,1
