participant,SessionID,Round,map_seed,attempt_id,is_final_attempt,step_global,attempt_recolor_step,node,old_color,new_color,global_conflicts_before,global_conflicts_after,chosen_delta,best_delta_for_chosen_node,best_after_for_chosen_node,n_best_colors_for_chosen_node,is_current_conflict_region,incident_conflicts_before,legal_recolor_count_chosen_node,node_repair_cost,n_current_conflict_nodes,mean_conflict_node_repair_cost,max_conflict_node_repair_cost,chosen_is_directly_repairable_conflict,chosen_best_improves_global,chosen_action_improves_global
5201314,5201314,1,9005,1,True,1,1,44,1,2,5,3,-2,-2,3,1,True,2,1,1,8,2.0,6,1,1,1
5201314,5201314,1,9005,1,True,2,2,42,0,1,3,2,-1,-1,2,1,True,1,1,1,5,5.6,10,1,1,1
5201314,5201314,1,9005,1,True,3,3,11,1,0,2,1,-1,-1,1,2,True,2,0,10,3,8.666666666666666,10,0,1,1
5201314,5201314,1,9005,1,True,4,4,11,0,2,1,1,0,0,1,1,True,1,0,10,2,10.0,10,0,0,0
5201314,5201314,1,9005,1,True,5,5,8,2,3,1,1,0,0,1,1,True,1,0,10,2,10.0,10,0,0,0
5201314,5201314,1,9005,1,True,6,6,0,3,2,1,1,0,0,1,2,True,1,0,10,2,10.0,10,0,0,0
5201314,5201314,1,9005,1,True,7,7,0,2,0,1,2,1,0,1,2,True,1,0,2,2,6.0,10,0,0,0
5201314,5201314,1,9005,1,True,8,8,0,0,2,2,1,-1,-1,1,3,True,2,0,2,3,7.333333333333333,10,0,1,1
5201314,5201314,1,9005,1,True,9,9,26,0,3,1,2,1,1,2,2,False,0,0,10,2,6.0,10,0,0,0
5201314,5201314,1,9005,1,True,10,10,11,2,0,2,1,-1,-1,1,1,True,1,1,1,4,2.0,4,1,1,1
5201314,5201314,1,9005,1,True,11,11,20,3,0,1,1,0,0,1,1,True,1,0,7,2,5.5,7,0,0,0
5201314,5201314,1,9005,1,True,12,12,13,0,3,1,1,0,0,1,2,True,1,0,6,2,6.5,7,0,0,0
5201314,5201314,1,9005,1,True,13,13,25,3,2,1,1,0,0,1,2,True,1,0,5,2,7.5,10,0,0,0
5201314,5201314,1,9005,1,True,14,14,7,2,1,1,2,1,0,1,1,True,1,0,3,2,2.5,3,0,0,0
5201314,5201314,1,9005,1,True,15,15,42,1,2,2,2,0,-1,1,1,True,1,1,1,3,1.6666666666666667,3,1,1,0
5201314,5201314,1,9005,1,True,16,16,42,2,3,2,1,-1,-1,1,1,True,1,1,1,4,2.0,4,1,1,1
5201314,5201314,1,9005,1,True,17,17,14,1,3,1,0,-1,-1,0,1,True,1,1,1,2,2.0,3,1,1,1
5201314,5201314,2,9023,1,True,19,1,26,0,1,4,3,-1,-1,3,1,True,1,1,1,7,4.571428571428571,10,1,1,1
5201314,5201314,2,9023,1,True,20,2,5,2,3,3,2,-1,-1,2,2,True,2,0,5,5,5.6,10,0,1,1
5201314,5201314,2,9023,1,True,21,3,30,3,2,2,1,-1,-1,1,1,True,1,1,1,4,4.5,10,1,1,1
5201314,5201314,2,9023,1,True,22,4,22,1,3,1,0,-1,-1,0,1,True,1,1,1,2,5.5,10,1,1,1
5201314,5201314,3,9035,1,False,24,1,13,1,2,4,3,-1,-1,3,1,True,1,1,1,7,2.857142857142857,7,1,1,1
5201314,5201314,3,9035,1,False,25,2,42,3,0,3,3,0,0,3,2,True,1,0,6,5,3.0,6,0,0,0
5201314,5201314,3,9035,1,False,26,3,11,1,0,3,5,2,1,4,1,False,0,0,2,5,2.8,8,0,0,0
5201314,5201314,3,9035,2,False,28,1,13,1,0,4,4,0,-1,3,1,True,1,1,1,7,2.857142857142857,7,1,1,0
5201314,5201314,3,9035,3,True,30,1,13,1,2,4,3,-1,-1,3,1,True,1,1,1,7,2.857142857142857,7,1,1,1
5201314,5201314,3,9035,3,True,31,2,24,3,0,3,5,2,0,3,1,True,1,0,6,5,3.0,6,0,0,0
5201314,5201314,3,9035,3,True,32,3,24,0,3,5,3,-2,-2,3,2,True,3,0,2,7,1.2857142857142858,2,0,1,1
5201314,5201314,3,9035,3,True,33,4,24,3,0,3,5,2,0,3,1,True,1,0,6,5,3.0,6,0,0,0
5201314,5201314,3,9035,3,True,34,5,40,0,1,5,4,-1,-1,4,2,True,1,2,1,7,1.2857142857142858,2,1,1,1
5201314,5201314,3,9035,3,True,35,6,38,0,3,4,3,-1,-1,3,1,True,1,1,1,6,1.5,3,1,1,1
5201314,5201314,3,9035,3,True,36,7,35,0,3,3,4,1,0,3,1,True,1,0,7,5,3.6,8,0,0,0
5201314,5201314,3,9035,3,True,37,8,35,3,1,4,3,-1,-1,3,2,True,2,0,10,6,3.5,10,0,1,1
5201314,5201314,3,9035,3,True,38,9,41,1,3,3,3,0,0,3,2,True,1,0,7,5,4.0,10,0,0,0
5201314,5201314,3,9035,3,True,39,10,38,3,1,3,3,0,0,3,2,True,1,0,3,5,3.2,10,0,0,0
5201314,5201314,3,9035,3,True,40,11,17,1,3,3,3,0,0,3,2,True,1,0,2,5,1.8,4,0,0,0
5201314,5201314,3,9035,3,True,41,12,6,3,0,3,2,-1,-1,2,1,True,1,1,1,5,1.6,4,1,1,1
5201314,5201314,3,9035,3,True,42,13,37,1,0,2,1,-1,-1,1,1,True,1,1,1,3,1.0,1,1,1,1
5201314,5201314,3,9035,3,True,43,14,7,1,3,1,0,-1,-1,0,1,True,1,1,1,2,1.0,1,1,1,1
5201314,5201314,4,9053,1,True,45,1,9,0,3,6,6,0,-1,5,2,True,1,2,1,9,3.111111111111111,10,1,1,0
5201314,5201314,4,9053,1,True,46,2,9,3,2,6,5,-1,-1,5,2,True,1,2,1,10,3.0,10,1,1,1
5201314,5201314,4,9053,1,True,47,3,22,0,2,5,4,-1,-1,4,1,True,1,1,1,8,3.375,10,1,1,1
5201314,5201314,4,9053,1,True,48,4,42,0,3,4,3,-1,-1,3,1,True,1,1,1,7,3.7142857142857144,10,1,1,1
5201314,5201314,4,9053,1,True,49,5,7,0,3,3,4,1,1,4,3,True,1,0,10,6,4.5,10,0,0,0
5201314,5201314,4,9053,1,True,50,6,3,3,0,4,3,-1,-1,3,1,True,1,1,1,7,2.857142857142857,10,1,1,1
5201314,5201314,4,9053,1,True,51,7,33,3,0,3,2,-1,-1,2,1,True,1,1,1,6,3.5,10,1,1,1
5201314,5201314,4,9053,1,True,52,8,36,0,2,2,1,-1,-1,1,1,True,1,1,1,4,5.5,10,1,1,1
5201314,5201314,4,9053,1,True,53,9,38,2,1,1,1,0,0,1,1,True,1,0,10,2,10.0,10,0,0,0
5201314,5201314,4,9053,1,True,54,10,21,1,2,1,0,-1,-1,0,1,True,1,1,1,2,2.0,3,1,1,1
5201314,5201314,5,9055,1,False,56,1,36,1,0,5,7,2,0,5,2,True,1,0,5,8,1.875,5,0,0,0
5201314,5201314,5,9055,1,False,57,2,34,0,3,7,7,0,0,7,2,True,1,0,4,10,3.3,10,0,0,0
5201314,5201314,5,9055,1,False,58,3,23,3,0,7,6,-1,-1,6,1,True,1,1,1,11,3.1818181818181817,10,1,1,1
5201314,5201314,5,9055,1,False,59,4,6,3,2,6,7,1,1,7,1,False,0,0,10,9,3.0,10,0,0,0
5201314,5201314,5,9055,1,False,60,5,8,0,2,7,8,1,0,7,1,True,1,0,4,11,2.272727272727273,8,0,0,0
5201314,5201314,5,9055,1,False,61,6,6,2,3,8,6,-2,-2,6,1,True,2,1,1,12,2.3333333333333335,8,1,1,1
5201314,5201314,5,9055,2,True,63,1,39,0,3,5,4,-1,-1,4,1,True,1,1,1,8,1.875,5,1,1,1
5201314,5201314,5,9055,2,True,64,2,16,0,2,4,2,-2,-2,2,1,True,2,1,1,7,2.2857142857142856,5,1,1,1
5201314,5201314,5,9055,2,True,65,3,28,1,3,2,1,-1,-1,1,1,True,1,1,1,4,3.0,5,1,1,1
5201314,5201314,5,9055,2,True,66,4,13,1,0,1,2,1,0,1,2,True,1,0,4,2,4.5,5,0,0,0
5201314,5201314,5,9055,2,True,67,5,34,0,3,2,2,0,0,2,2,True,1,0,4,3,3.0,4,0,0,0
5201314,5201314,5,9055,2,True,68,6,8,0,3,2,3,1,0,2,1,True,1,0,3,4,2.75,4,0,0,0
5201314,5201314,5,9055,2,True,69,7,0,3,1,3,2,-1,-1,2,1,True,1,1,1,5,4.0,10,1,1,1
5201314,5201314,5,9055,2,True,70,8,8,3,0,2,2,0,0,2,2,True,1,0,3,4,4.25,10,0,0,0
5201314,5201314,5,9055,2,True,71,9,13,0,2,2,2,0,0,2,2,True,1,0,2,4,2.0,3,0,0,0
5201314,5201314,5,9055,2,True,72,10,24,2,3,2,1,-1,-1,1,1,True,1,1,1,4,1.25,2,1,1,1
5201314,5201314,5,9055,2,True,73,11,34,3,0,1,0,-1,-1,0,1,True,1,1,1,2,1.0,1,1,1,1
5201314,5201314,6,9056,1,True,75,1,19,1,3,7,6,-1,-1,6,1,True,1,1,1,10,1.7,4,1,1,1
5201314,5201314,6,9056,1,True,76,2,36,1,3,6,5,-1,-1,5,1,True,1,1,1,9,2.0,4,1,1,1
5201314,5201314,6,9056,1,True,77,3,29,1,2,5,6,1,0,5,1,True,1,0,2,8,2.375,6,0,0,0
5201314,5201314,6,9056,1,True,78,4,25,2,3,6,6,0,0,6,2,True,1,0,10,9,2.7777777777777777,10,0,0,0
5201314,5201314,6,9056,1,True,79,5,10,2,3,6,6,0,0,6,1,True,1,0,2,10,3.5,10,0,0,0
5201314,5201314,6,9056,1,True,80,6,10,3,0,6,7,1,0,6,1,True,1,0,4,10,2.8,10,0,0,0
5201314,5201314,6,9056,1,True,81,7,26,0,3,7,5,-2,-2,5,3,True,3,0,3,10,2.8,10,0,1,1
5201314,5201314,6,9056,1,True,82,8,2,0,3,5,4,-1,-1,4,2,True,1,2,1,8,3.25,10,1,1,1
5201314,5201314,6,9056,1,True,83,9,25,3,1,4,3,-1,-1,3,2,True,2,0,10,6,3.5,10,0,1,1
5201314,5201314,6,9056,1,True,84,10,16,1,2,3,3,0,0,3,2,True,1,0,4,5,3.8,10,0,0,0
5201314,5201314,6,9056,1,True,85,11,11,2,1,3,3,0,0,3,2,True,1,0,2,5,2.2,4,0,0,0
5201314,5201314,6,9056,1,True,86,12,41,1,3,3,2,-1,-1,2,1,True,1,1,1,5,3.2,10,1,1,1
5201314,5201314,6,9056,1,True,87,13,33,2,1,2,0,-2,-2,0,1,True,2,1,1,3,1.3333333333333333,2,1,1,1
5201314,5201314,7,9057,1,True,89,1,23,2,0,4,3,-1,-1,3,1,True,1,1,1,7,2.142857142857143,4,1,1,1
5201314,5201314,7,9057,1,True,90,2,43,3,2,3,3,0,0,3,1,True,1,0,5,5,3.0,5,0,0,0
5201314,5201314,7,9057,1,True,91,3,30,2,3,3,3,0,0,3,1,True,1,0,3,5,2.8,4,0,0,0
5201314,5201314,7,9057,1,True,92,4,2,0,1,3,2,-1,-1,2,2,True,1,2,1,5,2.4,4,1,1,1
5201314,5201314,7,9057,1,True,93,5,14,3,2,2,1,-1,-1,1,2,True,1,2,1,4,3.5,5,1,1,1
5201314,5201314,7,9057,1,True,94,6,11,0,2,1,1,0,0,1,1,True,1,0,6,2,5.0,6,0,0,0
5201314,5201314,7,9057,1,True,95,7,19,2,0,1,0,-1,-1,0,1,True,1,1,1,2,3.0,5,1,1,1
5201314,5201314,8,9061,1,False,97,1,33,0,2,4,4,0,0,4,1,True,1,0,10,7,6.285714285714286,10,0,0,0
5201314,5201314,8,9061,2,False,99,1,32,3,2,4,4,0,0,4,3,True,1,0,10,7,6.285714285714286,10,0,0,0
5201314,5201314,8,9061,3,True,101,1,17,0,2,4,2,-2,-2,2,1,True,2,1,1,7,6.285714285714286,10,1,1,1
5201314,5201314,8,9061,3,True,102,2,9,3,1,2,1,-1,-1,1,1,True,1,1,1,4,6.75,10,1,1,1
5201314,5201314,8,9061,3,True,103,3,19,3,0,1,1,0,0,1,2,True,1,0,10,2,10.0,10,0,0,0
5201314,5201314,8,9061,3,True,104,4,20,0,3,1,0,-1,-1,0,1,True,1,1,1,2,2.5,4,1,1,1
5201314,5201314,9,9067,1,True,106,1,10,1,3,4,3,-1,-1,3,1,True,1,1,1,7,1.8571428571428572,3,1,1,1
5201314,5201314,9,9067,1,True,107,2,28,1,3,3,2,-1,-1,2,1,True,1,1,1,5,2.2,3,1,1,1
5201314,5201314,9,9067,1,True,108,3,8,1,0,2,3,1,1,3,3,True,1,0,3,4,2.75,3,0,0,0
5201314,5201314,9,9067,1,True,109,4,38,0,2,3,2,-1,-1,2,2,True,1,2,1,5,3.0,6,1,1,1
5201314,5201314,9,9067,1,True,110,5,4,0,3,2,4,2,0,2,1,True,1,0,2,4,3.5,6,0,0,0
5201314,5201314,9,9067,1,True,111,6,4,3,2,4,2,-2,-2,2,2,True,3,0,10,4,3.5,10,0,1,1
5201314,5201314,9,9067,1,True,112,7,7,2,3,2,1,-1,-1,1,1,True,1,1,1,4,1.75,4,1,1,1
5201314,5201314,9,9067,1,True,113,8,14,3,0,1,0,-1,-1,0,1,True,1,1,1,2,1.0,1,1,1,1
5201314,5201314,10,9069,1,False,115,1,43,0,3,4,3,-1,-1,3,1,True,1,1,1,6,4.166666666666667,10,1,1,1
5201314,5201314,10,9069,1,False,116,2,14,0,1,3,3,0,0,3,1,True,1,0,10,5,5.0,10,0,0,0
5201314,5201314,10,9069,2,False,118,1,43,0,3,4,3,-1,-1,3,1,True,1,1,1,6,4.166666666666667,10,1,1,1
5201314,5201314,10,9069,2,False,119,2,39,2,0,3,2,-1,-1,2,1,True,1,1,1,5,5.0,10,1,1,1
5201314,5201314,10,9069,2,False,120,3,32,0,2,2,2,0,0,2,3,True,1,0,2,3,4.666666666666667,10,0,0,0
5201314,5201314,10,9069,2,False,121,4,20,2,1,2,2,0,0,2,2,True,1,0,3,4,4.25,10,0,0,0
5201314,5201314,10,9069,2,False,122,5,10,1,3,2,3,1,0,2,2,True,1,0,3,4,2.75,3,0,0,0
5201314,5201314,10,9069,2,False,123,6,10,3,2,3,2,-1,-1,2,3,True,2,0,4,5,2.2,4,0,1,1
5201314,5201314,10,9069,2,False,124,7,31,2,0,2,2,0,0,2,3,True,1,0,3,4,6.25,10,0,0,0
5201314,5201314,10,9069,2,False,125,8,25,0,1,2,2,0,0,2,2,True,1,0,10,4,6.75,10,0,0,0
5201314,5201314,10,9069,2,False,126,9,34,1,2,2,2,0,0,2,2,True,1,0,5,4,5.75,10,0,0,0
5201314,5201314,10,9069,2,False,127,10,44,2,1,2,1,-1,-1,1,1,True,1,1,1,4,2.75,5,1,1,1
5201314,5201314,10,9069,2,False,128,11,26,0,2,1,2,1,0,1,1,True,1,0,5,2,7.5,10,0,0,0
5201314,5201314,10,9069,2,False,129,12,32,2,0,2,1,-1,-1,1,1,True,1,1,1,3,2.0,3,1,1,1
5201314,5201314,10,9069,2,False,130,13,11,2,0,1,2,1,0,1,2,True,1,0,2,2,6.0,10,0,0,0
5201314,5201314,10,9069,2,False,131,14,30,0,3,2,2,0,0,2,2,True,1,0,3,3,5.0,10,0,0,0
5201314,5201314,10,9069,2,False,132,15,40,3,1,2,3,1,0,2,1,True,1,0,10,4,10.0,10,0,0,0
5201314,5201314,10,9069,2,False,133,16,14,0,2,3,4,1,0,3,1,True,1,0,10,5,8.2,10,0,0,0
5201314,5201314,10,9069,2,False,134,17,34,2,0,4,5,1,0,4,1,True,1,0,2,6,4.0,10,0,0,0
5201314,5201314,10,9069,3,True,136,1,39,2,1,4,5,1,-1,3,1,True,1,1,1,6,4.166666666666667,10,1,1,0
5201314,5201314,10,9069,3,True,137,2,39,1,0,5,3,-2,-2,3,1,True,2,1,1,7,5.0,10,1,1,1
5201314,5201314,10,9069,3,True,138,3,26,0,1,3,2,-1,-1,2,2,True,2,0,2,4,3.5,10,0,1,1
5201314,5201314,10,9069,3,True,139,4,35,1,3,2,1,-1,-1,1,1,True,1,1,1,4,2.0,5,1,1,1
5201314,5201314,10,9069,3,True,140,5,43,0,3,1,0,-1,-1,0,1,True,1,1,1,2,5.5,10,1,1,1
5201314,5201314,11,9058,1,True,142,1,13,0,2,6,6,0,0,6,1,True,1,0,5,10,4.3,10,0,0,0
5201314,5201314,11,9058,1,True,143,2,30,2,0,6,5,-1,-1,5,1,True,1,1,1,10,3.7,10,1,1,1
5201314,5201314,11,9058,1,True,144,3,31,0,3,5,5,0,0,5,2,True,1,0,3,8,4.125,10,0,0,0
5201314,5201314,11,9058,1,True,145,4,31,3,2,5,5,0,0,5,2,True,1,0,2,9,4.111111111111111,10,0,0,0
5201314,5201314,11,9058,1,True,146,5,34,1,2,5,5,0,0,5,2,True,1,0,3,9,4.555555555555555,10,0,0,0
5201314,5201314,11,9058,1,True,147,6,31,2,0,5,4,-1,-1,4,3,True,2,0,2,8,4.25,10,0,1,1
5201314,5201314,11,9058,1,True,148,7,11,0,3,4,1,-3,-3,1,1,True,3,1,1,6,5.5,10,1,1,1
5201314,5201314,11,9058,1,True,149,8,8,3,1,1,1,0,0,1,1,True,1,0,10,2,10.0,10,0,0,0
5201314,5201314,11,9058,1,True,150,9,2,1,3,1,1,0,0,1,1,True,1,0,5,2,7.5,10,0,0,0
5201314,5201314,11,9058,1,True,151,10,26,3,1,1,0,-1,-1,0,1,True,1,1,1,2,5.5,10,1,1,1
5201314,5201314,12,9088,1,True,153,1,40,0,2,9,7,-2,-2,7,2,True,3,0,2,10,2.1,10,0,1,1
5201314,5201314,12,9088,1,True,154,2,19,2,0,7,7,0,-1,6,1,True,1,1,1,10,2.0,10,1,1,0
5201314,5201314,12,9088,1,True,155,3,3,0,1,7,4,-3,-3,4,1,True,3,1,1,9,2.0,10,1,1,1
5201314,5201314,12,9088,1,True,156,4,6,3,2,4,3,-1,-1,3,1,True,1,1,1,6,1.0,1,1,1,1
5201314,5201314,12,9088,1,True,157,5,25,0,1,3,2,-1,-1,2,1,True,1,1,1,5,1.6,3,1,1,1
5201314,5201314,12,9088,1,True,158,6,26,3,0,2,1,-1,-1,1,1,True,1,1,1,3,2.0,4,1,1,1
5201314,5201314,12,9088,1,True,159,7,44,3,0,1,0,-1,-1,0,1,True,1,1,1,2,5.5,10,1,1,1
5201314,5201314,13,9096,1,True,161,1,36,0,2,8,7,-1,-2,6,1,True,2,1,1,10,3.7,10,1,1,1
5201314,5201314,13,9096,1,True,162,2,8,2,3,7,6,-1,-1,6,1,True,1,1,1,9,3.2222222222222223,10,1,1,1
5201314,5201314,13,9096,1,True,163,3,34,1,3,6,4,-2,-2,4,1,True,2,1,1,7,3.857142857142857,10,1,1,1
5201314,5201314,13,9096,1,True,164,4,13,1,2,4,4,0,0,4,1,True,1,0,10,6,4.333333333333333,10,0,0,0
5201314,5201314,13,9096,1,True,165,5,27,2,1,4,3,-1,-1,3,1,True,1,1,1,7,3.5714285714285716,10,1,1,1
5201314,5201314,13,9096,1,True,166,6,31,1,0,3,4,1,0,3,1,True,1,0,3,5,5.0,10,0,0,0
5201314,5201314,13,9096,1,True,167,7,41,0,1,4,3,-1,-1,3,1,True,1,1,1,7,3.7142857142857144,10,1,1,1
5201314,5201314,13,9096,1,True,168,8,9,0,1,3,2,-1,-1,2,2,True,1,2,1,6,4.333333333333333,10,1,1,1
5201314,5201314,13,9096,1,True,169,9,4,1,2,2,1,-1,-1,1,1,True,1,1,1,4,5.5,10,1,1,1
5201314,5201314,13,9096,1,True,170,10,1,3,0,1,0,-1,-1,0,1,True,1,1,1,2,5.5,10,1,1,1
5201314,5201314,14,9008,1,True,172,1,9,2,0,6,5,-1,-1,5,1,True,1,1,1,11,3.272727272727273,10,1,1,1
5201314,5201314,14,9008,1,True,173,2,30,2,3,5,5,0,0,5,2,True,1,0,10,9,3.7777777777777777,10,0,0,0
5201314,5201314,14,9008,1,True,174,3,43,3,2,5,4,-1,-1,4,1,True,1,1,1,9,2.7777777777777777,6,1,1,1
5201314,5201314,14,9008,1,True,175,4,37,2,0,4,4,0,0,4,2,True,1,0,5,7,3.0,6,0,0,0
5201314,5201314,14,9008,1,True,176,5,36,1,0,4,4,0,0,4,2,True,1,0,3,8,3.375,8,0,0,0
5201314,5201314,14,9008,1,True,177,6,37,0,3,4,3,-1,-1,3,2,True,2,0,2,7,3.7142857142857144,10,0,1,1
5201314,5201314,14,9008,1,True,178,7,10,3,2,3,3,0,0,3,2,True,1,0,3,6,5.833333333333333,10,0,0,0
5201314,5201314,14,9008,1,True,179,8,4,2,0,3,3,0,0,3,3,True,1,0,3,6,4.666666666666667,10,0,0,0
5201314,5201314,14,9008,1,True,180,9,27,0,1,3,3,0,0,3,1,True,1,0,10,6,6.166666666666667,10,0,0,0
5201314,5201314,14,9008,1,True,181,10,29,1,0,3,2,-1,-1,2,1,True,1,1,1,6,4.5,10,1,1,1
5201314,5201314,14,9008,1,True,182,11,19,2,1,2,1,-1,-1,1,1,True,1,1,1,4,5.5,10,1,1,1
5201314,5201314,14,9008,1,True,183,12,44,3,0,1,0,-1,-1,0,1,True,1,1,1,2,5.5,10,1,1,1
5201314,5201314,15,9028,1,True,185,1,0,0,2,5,4,-1,-1,4,1,True,1,1,1,10,2.5,10,1,1,1
5201314,5201314,15,9028,1,True,186,2,20,0,2,4,3,-1,-1,3,2,True,1,2,1,8,2.875,10,1,1,1
5201314,5201314,15,9028,1,True,187,3,3,2,0,3,3,0,0,3,1,True,1,0,5,6,3.6666666666666665,10,0,0,0
5201314,5201314,15,9028,1,True,188,4,10,0,2,3,2,-1,-1,2,1,True,1,1,1,6,2.0,4,1,1,1
5201314,5201314,15,9028,1,True,189,5,21,3,0,2,1,-1,-1,1,1,True,1,1,1,4,1.75,3,1,1,1
5201314,5201314,15,9028,1,True,190,6,24,1,3,1,1,0,0,1,1,True,1,0,2,2,1.5,2,0,0,0
5201314,5201314,15,9028,1,True,191,7,23,3,2,1,0,-1,-1,0,1,True,1,1,1,2,3.0,5,1,1,1
5201314,5201314,16,9090,1,False,193,1,29,3,1,10,10,0,0,10,2,True,1,0,2,14,3.5714285714285716,10,0,0,0
5201314,5201314,16,9090,1,False,194,2,35,3,0,10,10,0,-1,9,1,True,2,0,10,15,4.8,10,0,1,0
5201314,5201314,16,9090,1,False,195,3,35,0,1,10,9,-1,-1,9,1,True,2,0,5,16,3.375,10,0,1,1
5201314,5201314,16,9090,2,True,197,1,28,0,1,10,9,-1,-1,9,1,True,1,1,1,14,3.5714285714285716,10,1,1,1
5201314,5201314,16,9090,2,True,198,2,25,3,1,9,7,-2,-2,7,2,True,3,0,9,12,4.166666666666667,10,0,1,1
5201314,5201314,16,9090,2,True,199,3,33,1,3,7,6,-1,-1,6,1,True,1,1,1,10,3.7,10,1,1,1
5201314,5201314,16,9090,2,True,200,4,15,3,0,6,6,0,0,6,2,True,1,0,10,8,3.25,10,0,0,0
5201314,5201314,16,9090,2,True,201,5,40,3,0,6,6,0,-1,5,1,True,1,1,1,9,1.7777777777777777,5,1,1,0
5201314,5201314,16,9090,2,True,202,6,15,0,3,6,4,-2,-2,4,1,True,2,1,1,9,1.6666666666666667,5,1,1,1
5201314,5201314,16,9090,2,True,203,7,0,3,1,4,2,-2,-2,2,1,True,2,1,1,6,2.5,8,1,1,1
5201314,5201314,16,9090,2,True,204,8,8,3,2,2,0,-2,-2,0,2,True,2,2,1,3,1.3333333333333333,2,1,1,1
5201314,5201314,17,9098,1,True,206,1,14,3,0,10,10,0,0,10,1,True,1,0,10,14,2.642857142857143,10,0,0,0
5201314,5201314,17,9098,1,True,207,2,16,0,3,10,10,0,0,10,1,True,1,0,2,15,2.1333333333333333,10,0,0,0
5201314,5201314,17,9098,1,True,208,3,10,3,0,10,9,-1,-1,9,2,True,1,2,1,15,2.466666666666667,10,1,1,1
5201314,5201314,17,9098,1,True,209,4,34,3,0,9,7,-2,-2,7,1,True,2,1,1,13,2.076923076923077,10,1,1,1
5201314,5201314,17,9098,1,True,210,5,11,3,2,7,6,-1,-1,6,1,True,1,1,1,12,2.1666666666666665,10,1,1,1
5201314,5201314,17,9098,1,True,211,6,24,3,2,6,5,-1,-1,5,1,True,1,1,1,11,3.8181818181818183,10,1,1,1
5201314,5201314,17,9098,1,True,212,7,3,3,1,5,4,-1,-1,4,1,True,1,1,1,9,3.4444444444444446,10,1,1,1
5201314,5201314,17,9098,1,True,213,8,31,0,2,4,5,1,0,4,1,True,1,0,10,7,5.0,10,0,0,0
5201314,5201314,17,9098,1,True,214,9,31,2,0,5,4,-1,-1,4,2,True,2,0,10,8,5.625,10,0,1,1
5201314,5201314,17,9098,1,True,215,10,31,0,1,4,4,0,0,4,1,True,1,0,10,7,5.0,10,0,0,0
5201314,5201314,17,9098,1,True,216,11,3,1,0,4,5,1,0,4,1,True,1,0,10,7,5.0,10,0,0,0
5201314,5201314,17,9098,1,True,217,12,21,0,3,5,5,0,0,5,2,True,1,0,10,8,4.0,10,0,0,0
5201314,5201314,17,9098,1,True,218,13,40,0,3,5,6,1,0,5,1,True,1,0,3,9,3.2222222222222223,9,0,0,0
5201314,5201314,17,9098,1,True,219,14,33,3,0,6,4,-2,-2,4,1,True,2,1,1,8,2.0,4,1,1,1
5201314,5201314,17,9098,1,True,220,15,17,3,0,4,2,-2,-2,2,2,True,2,2,1,7,2.142857142857143,4,1,1,1
5201314,5201314,17,9098,1,True,221,16,37,2,1,2,1,-1,-1,1,1,True,1,1,1,4,2.75,4,1,1,1
5201314,5201314,17,9098,1,True,222,17,21,3,0,1,1,0,0,1,2,True,1,0,4,2,4.0,4,0,0,0
5201314,5201314,17,9098,1,True,223,18,3,0,1,1,1,0,0,1,1,True,1,0,10,2,10.0,10,0,0,0
5201314,5201314,17,9098,1,True,224,19,31,1,3,1,1,0,0,1,1,True,1,0,10,2,10.0,10,0,0,0
5201314,5201314,17,9098,1,True,225,20,42,3,2,1,1,0,0,1,3,True,1,0,10,2,10.0,10,0,0,0
5201314,5201314,17,9098,1,True,226,21,6,2,0,1,1,0,0,1,1,True,1,0,10,2,6.0,10,0,0,0
5201314,5201314,17,9098,1,True,227,22,14,0,1,1,2,1,1,2,3,True,1,0,9,2,6.0,9,0,0,0
5201314,5201314,17,9098,1,True,228,23,27,1,3,2,1,-1,-1,1,1,True,1,1,1,3,2.0,4,1,1,1
5201314,5201314,17,9098,1,True,229,24,29,1,0,1,0,-1,-1,0,1,True,1,1,1,2,2.0,3,1,1,1
5201314,5201314,18,9121,1,True,231,1,31,1,0,7,7,0,0,7,3,True,1,0,10,10,5.1,10,0,0,0
5201314,5201314,18,9121,1,True,232,2,28,0,1,7,5,-2,-2,5,1,True,2,1,1,9,3.5555555555555554,10,1,1,1
5201314,5201314,18,9121,1,True,233,3,23,0,1,5,3,-2,-2,3,3,True,3,0,2,7,3.0,10,0,1,1
5201314,5201314,18,9121,1,True,234,4,29,1,2,3,2,-1,-1,2,1,True,1,1,1,5,3.0,10,1,1,1
5201314,5201314,18,9121,1,True,235,5,0,1,0,2,2,0,-2,0,1,True,2,1,1,3,4.0,10,1,1,0
5201314,5201314,18,9121,1,True,236,6,22,0,2,2,2,0,0,2,1,True,1,0,10,3,4.0,10,0,0,0
5201314,5201314,18,9121,1,True,237,7,15,2,0,2,1,-1,-1,1,1,True,1,1,1,4,1.25,2,1,1,1
5201314,5201314,18,9121,1,True,238,8,40,0,3,1,0,-1,-1,0,1,True,1,1,1,2,1.0,1,1,1,1
5201314,5201314,19,9135,1,True,240,1,32,2,1,5,5,0,-1,4,1,True,1,1,1,8,2.5,10,1,1,0
5201314,5201314,19,9135,1,True,241,2,20,1,2,5,4,-1,-1,4,1,True,1,1,1,8,2.375,10,1,1,1
5201314,5201314,19,9135,1,True,242,3,21,1,0,4,3,-1,-1,3,1,True,2,0,3,6,2.8333333333333335,10,0,1,1
5201314,5201314,19,9135,1,True,243,4,1,0,1,3,2,-1,-1,2,1,True,1,1,1,5,1.6,4,1,1,1
5201314,5201314,19,9135,1,True,244,5,23,0,1,2,1,-1,-1,1,1,True,1,1,1,3,1.0,1,1,1,1
5201314,5201314,19,9135,1,True,245,6,10,0,1,1,0,-1,-1,0,1,True,1,1,1,2,1.5,2,1,1,1
5201314,5201314,20,9142,1,False,247,1,5,2,1,4,3,-1,-1,3,2,True,1,2,1,7,4.857142857142857,10,1,1,1
5201314,5201314,20,9142,1,False,248,2,14,2,0,3,2,-1,-1,2,1,True,1,1,1,5,6.4,10,1,1,1
5201314,5201314,20,9142,1,False,249,3,26,2,0,2,2,0,0,2,1,True,1,0,10,4,10.0,10,0,0,0
5201314,5201314,20,9142,1,False,250,4,14,0,1,2,2,0,-1,1,1,True,1,1,1,4,7.75,10,1,1,0
5201314,5201314,20,9142,1,False,251,5,34,1,3,2,3,1,0,2,1,True,1,0,10,4,7.75,10,0,0,0
5201314,5201314,20,9142,1,False,252,6,23,3,1,3,3,0,0,3,1,True,1,0,2,5,5.0,10,0,0,0
5201314,5201314,20,9142,1,False,253,7,23,1,2,3,4,1,0,3,1,True,1,0,10,6,7.0,10,0,0,0
5201314,5201314,20,9142,1,False,254,8,35,2,3,4,4,0,-1,3,1,True,1,1,1,7,5.857142857142857,10,1,1,0
5201314,5201314,20,9142,1,False,255,9,8,2,0,4,4,0,0,4,2,True,1,0,4,8,4.875,10,0,0,0
5201314,5201314,20,9142,1,False,256,10,17,0,2,4,4,0,0,4,2,True,1,0,2,8,4.625,10,0,0,0
5201314,5201314,20,9142,1,False,257,11,17,2,1,4,4,0,0,4,2,True,1,0,3,8,6.0,10,0,0,0
5201314,5201314,20,9142,1,False,258,12,16,1,2,4,3,-1,-1,3,1,True,1,1,1,8,5.25,10,1,1,1
5201314,5201314,20,9142,1,False,259,13,35,3,2,3,3,0,-1,2,1,True,1,1,1,6,6.166666666666667,10,1,1,0
5201314,5201314,20,9142,1,False,260,14,35,2,1,3,3,0,-1,2,1,True,1,1,1,6,6.666666666666667,10,1,1,0
5201314,5201314,20,9142,1,False,261,15,17,1,0,3,3,0,0,3,2,True,1,0,2,6,6.166666666666667,10,0,0,0
5201314,5201314,20,9142,2,True,263,1,26,2,0,4,2,-2,-2,2,1,True,2,1,1,7,4.857142857142857,10,1,1,1
5201314,5201314,20,9142,2,True,264,2,5,2,0,2,1,-1,-1,1,2,True,1,2,1,4,5.5,10,1,1,1
5201314,5201314,20,9142,2,True,265,3,4,0,1,1,1,0,0,1,2,True,1,0,10,2,10.0,10,0,0,0
5201314,5201314,20,9142,2,True,266,4,1,1,0,1,1,0,0,1,2,True,1,0,10,2,6.0,10,0,0,0
5201314,5201314,20,9142,2,True,267,5,37,0,1,1,1,0,0,1,1,True,1,0,3,2,2.5,3,0,0,0
5201314,5201314,20,9142,2,True,268,6,4,1,3,1,1,0,0,1,2,True,1,0,2,2,6.0,10,0,0,0
5201314,5201314,20,9142,2,True,269,7,6,3,0,1,0,-1,-1,0,1,True,1,1,1,2,2.0,3,1,1,1
5201314,5201314,21,9149,1,False,271,1,34,2,3,6,5,-1,-1,5,2,True,1,2,1,9,4.0,10,1,1,1
5201314,5201314,21,9149,1,False,272,2,31,1,3,5,3,-2,-2,3,1,True,3,0,10,7,4.857142857142857,10,0,1,1
5201314,5201314,21,9149,2,True,274,1,34,2,3,6,5,-1,-1,5,2,True,1,2,1,9,4.0,10,1,1,1
5201314,5201314,21,9149,2,True,275,2,14,1,3,5,4,-1,-1,4,1,True,1,1,1,7,4.857142857142857,10,1,1,1
5201314,5201314,21,9149,2,True,276,3,35,1,2,4,4,0,0,4,3,True,1,0,10,6,5.5,10,0,0,0
5201314,5201314,21,9149,2,True,277,4,1,2,0,4,5,1,1,5,3,True,1,0,10,7,6.142857142857143,10,0,0,0
5201314,5201314,21,9149,2,True,278,5,21,0,3,5,5,0,0,5,1,True,1,0,4,8,5.875,10,0,0,0
5201314,5201314,21,9149,2,True,279,6,1,0,1,5,6,1,0,5,1,True,1,0,10,9,8.0,10,0,0,0
5201314,5201314,21,9149,2,True,280,7,1,1,0,6,5,-1,-1,5,2,True,2,0,10,8,4.875,10,0,1,1
5201314,5201314,21,9149,2,True,281,8,27,0,1,5,6,1,0,5,1,True,1,0,10,9,8.0,10,0,0,0
5201314,5201314,21,9149,2,True,282,9,13,1,0,6,5,-1,-1,5,1,True,1,1,1,10,4.9,10,1,1,1
5201314,5201314,21,9149,2,True,283,10,29,1,0,5,4,-1,-1,4,1,True,1,1,1,9,5.666666666666667,10,1,1,1
5201314,5201314,21,9149,2,True,284,11,33,1,2,4,4,0,0,4,2,True,1,0,10,7,6.142857142857143,10,0,0,0
5201314,5201314,21,9149,2,True,285,12,17,2,0,4,4,0,-1,3,1,True,1,1,1,7,3.5714285714285716,8,1,1,0
5201314,5201314,21,9149,2,True,286,13,20,0,1,4,4,0,-1,3,1,True,1,1,1,7,2.4285714285714284,7,1,1,0
5201314,5201314,21,9149,2,True,287,14,28,3,0,4,4,0,-1,3,1,True,1,1,1,7,2.857142857142857,6,1,1,0
5201314,5201314,21,9149,2,True,288,15,28,0,2,4,3,-1,-1,3,1,True,1,1,1,7,2.4285714285714284,6,1,1,1
5201314,5201314,21,9149,2,True,289,16,15,1,0,3,3,0,0,3,1,True,1,0,5,5,3.0,5,0,0,0
5201314,5201314,21,9149,2,True,290,17,40,2,1,3,5,2,1,4,2,False,0,0,4,5,3.0,5,0,0,0
5201314,5201314,21,9149,2,True,291,18,0,0,1,5,6,1,0,5,1,True,1,0,5,6,3.0,6,0,0,0
5201314,5201314,21,9149,2,True,292,19,40,1,0,6,3,-3,-3,3,2,True,3,2,1,5,2.8,10,1,1,1
5201314,5201314,21,9149,2,True,293,20,4,1,0,3,2,-1,-1,2,3,True,2,0,2,4,3.5,10,0,1,1
5201314,5201314,21,9149,2,True,294,21,40,0,2,2,1,-1,-1,1,1,True,1,1,1,4,1.75,4,1,1,1
5201314,5201314,21,9149,2,True,295,22,9,1,0,1,0,-1,-1,0,1,True,1,1,1,2,5.5,10,1,1,1
5201314,5201314,22,9153,1,True,297,1,40,0,3,8,7,-1,-1,7,2,True,1,2,1,13,2.923076923076923,10,1,1,1
5201314,5201314,22,9153,1,True,298,2,22,3,0,7,5,-2,-2,5,1,True,3,0,2,11,3.272727272727273,10,0,1,1
5201314,5201314,22,9153,1,True,299,3,36,0,2,5,3,-2,-2,3,1,True,2,1,1,8,3.375,10,1,1,1
5201314,5201314,22,9153,1,True,300,4,42,0,3,3,2,-1,-1,2,1,True,1,1,1,5,3.6,10,1,1,1
5201314,5201314,22,9153,1,True,301,5,41,2,0,2,1,-1,-1,1,2,True,2,0,2,3,4.666666666666667,10,0,1,1
5201314,5201314,22,9153,1,True,302,6,3,0,1,1,0,-1,-1,0,3,True,1,3,1,2,1.5,2,1,1,1
5201314,5201314,23,9155,1,True,304,1,13,2,1,6,7,1,0,6,1,True,1,0,10,7,3.142857142857143,10,0,0,0
5201314,5201314,23,9155,1,True,305,2,13,1,0,7,6,-1,-1,6,2,True,2,0,2,8,2.75,7,0,1,1
5201314,5201314,23,9155,1,True,306,3,23,0,2,6,5,-1,-1,5,1,True,1,1,1,7,2.5714285714285716,10,1,1,1
5201314,5201314,23,9155,1,True,307,4,29,2,1,5,6,1,0,5,2,True,1,0,3,5,1.4,3,0,0,0
5201314,5201314,23,9155,1,True,308,5,25,1,0,6,5,-1,-1,5,1,True,1,1,1,7,1.1428571428571428,2,1,1,1
5201314,5201314,23,9155,1,True,309,6,30,2,3,5,4,-1,-1,4,1,True,1,1,1,6,1.3333333333333333,2,1,1,1
5201314,5201314,23,9155,1,True,310,7,9,1,0,4,3,-1,-1,3,1,True,1,1,1,5,1.2,2,1,1,1
5201314,5201314,23,9155,1,True,311,8,39,2,0,3,1,-2,-2,1,2,True,2,2,1,3,1.3333333333333333,2,1,1,1
5201314,5201314,23,9155,1,True,312,9,6,2,1,1,0,-1,-1,0,2,True,1,2,1,2,2.0,3,1,1,1
5201314,5201314,24,9160,1,True,314,1,40,0,3,4,3,-1,-1,3,1,True,1,1,1,7,3.0,10,1,1,1
5201314,5201314,24,9160,1,True,315,2,31,1,3,3,4,1,0,3,1,True,1,0,4,5,3.8,10,0,0,0
5201314,5201314,24,9160,1,True,316,3,44,3,1,4,3,-1,-1,3,1,True,1,1,1,6,2.8333333333333335,10,1,1,1
5201314,5201314,24,9160,1,True,317,4,18,3,1,3,3,0,-1,2,1,True,1,1,1,5,3.2,10,1,1,0
5201314,5201314,24,9160,1,True,318,5,3,1,3,3,2,-1,-1,2,2,True,1,2,1,5,1.4,2,1,1,1
5201314,5201314,24,9160,1,True,319,6,24,2,1,2,0,-2,-2,0,1,True,2,1,1,3,1.6666666666666667,2,1,1,1
5201314,5201314,25,9169,1,True,321,1,41,2,1,10,9,-1,-1,9,1,True,1,1,1,14,1.2142857142857142,3,1,1,1
5201314,5201314,25,9169,1,True,322,2,11,2,1,9,9,0,0,9,3,True,1,0,2,13,1.6923076923076923,6,0,0,0
5201314,5201314,25,9169,1,True,323,3,44,1,0,9,8,-1,-1,8,1,True,1,1,1,14,2.0714285714285716,10,1,1,1
5201314,5201314,25,9169,1,True,324,4,15,2,1,8,7,-1,-1,7,1,True,1,1,1,12,2.0,10,1,1,1
5201314,5201314,25,9169,1,True,325,5,7,1,3,7,6,-1,-1,6,2,True,1,2,1,10,1.3,3,1,1,1
5201314,5201314,25,9169,1,True,326,6,35,0,2,6,6,0,-1,5,1,True,2,0,3,8,1.375,3,0,1,0
5201314,5201314,25,9169,1,True,327,7,28,3,1,6,5,-1,-1,5,1,True,1,1,1,8,1.375,4,1,1,1
5201314,5201314,25,9169,1,True,328,8,3,2,1,5,5,0,-1,4,1,True,1,1,1,7,2.142857142857143,6,1,1,0
5201314,5201314,25,9169,1,True,329,9,28,1,3,5,5,0,0,5,3,True,1,0,3,8,2.0,5,0,0,0
5201314,5201314,25,9169,1,True,330,10,27,2,1,5,4,-1,-1,4,1,True,1,1,1,7,2.0,6,1,1,1
5201314,5201314,25,9169,1,True,331,11,31,3,0,4,3,-1,-1,3,2,True,1,2,1,5,1.4,3,1,1,1
5201314,5201314,25,9169,1,True,332,12,42,3,1,3,0,-3,-3,0,1,True,3,1,1,4,1.75,3,1,1,1
5201314,5201314,26,9215,1,True,334,1,1,0,1,7,6,-1,-2,5,1,True,3,0,4,11,2.8181818181818183,10,0,1,1
5201314,5201314,26,9215,1,True,335,2,19,1,3,6,6,0,0,6,2,True,1,0,2,10,2.0,5,0,0,0
5201314,5201314,26,9215,1,True,336,3,2,3,2,6,5,-1,-1,5,2,True,1,2,1,11,2.0,5,1,1,1
5201314,5201314,26,9215,1,True,337,4,34,1,2,5,4,-1,-1,4,1,True,1,1,1,9,2.0,5,1,1,1
5201314,5201314,26,9215,1,True,338,5,31,3,2,4,3,-1,-1,3,2,True,1,2,1,7,2.142857142857143,5,1,1,1
5201314,5201314,26,9215,1,True,339,6,37,3,2,3,1,-2,-2,1,2,True,2,2,1,5,2.4,5,1,1,1
5201314,5201314,26,9215,1,True,340,7,28,0,2,1,0,-1,-1,0,1,True,1,1,1,2,3.0,5,1,1,1
5201314,5201314,27,9218,1,True,342,1,28,0,2,4,4,0,-1,3,1,True,1,1,1,7,3.142857142857143,10,1,1,0
5201314,5201314,27,9218,1,True,343,2,28,2,1,4,3,-1,-1,3,1,True,1,1,1,7,2.4285714285714284,7,1,1,1
5201314,5201314,27,9218,1,True,344,3,6,2,0,3,2,-1,-1,2,1,True,1,1,1,5,2.2,7,1,1,1
5201314,5201314,27,9218,1,True,345,4,29,3,0,2,1,-1,-1,1,2,True,1,2,1,3,4.666666666666667,10,1,1,1
5201314,5201314,27,9218,1,True,346,5,5,3,1,1,1,0,0,1,1,True,1,0,3,2,6.5,10,0,0,0
5201314,5201314,27,9218,1,True,347,6,26,2,3,1,1,0,0,1,1,False,0,1,1,2,3.0,4,0,0,0
5201314,5201314,27,9218,1,True,348,7,35,1,3,1,2,1,-1,0,1,True,1,1,1,2,3.0,5,1,1,0
5201314,5201314,27,9218,1,True,349,8,26,3,1,2,1,-1,-1,1,2,True,1,2,1,3,1.0,1,1,1,1
5201314,5201314,27,9218,1,True,350,9,11,3,2,1,0,-1,-1,0,1,True,1,1,1,2,1.0,1,1,1,1
5201314,5201314,28,9227,1,True,352,1,9,3,2,9,8,-1,-1,8,1,True,1,1,1,13,2.4615384615384617,10,1,1,1
5201314,5201314,28,9227,1,True,353,2,36,2,0,8,8,0,0,8,2,True,1,0,5,11,2.727272727272727,10,0,0,0
5201314,5201314,28,9227,1,True,354,3,36,0,2,8,8,0,0,8,2,True,1,0,8,12,4.583333333333333,10,0,0,0
5201314,5201314,28,9227,1,True,355,4,20,3,0,8,7,-1,-1,7,1,True,1,1,1,11,2.727272727272727,10,1,1,1
5201314,5201314,28,9227,1,True,356,5,39,2,1,7,6,-1,-1,6,1,True,2,0,3,10,3.2,10,0,1,1
5201314,5201314,28,9227,1,True,357,6,13,1,0,6,7,1,0,6,1,True,1,0,3,9,3.111111111111111,10,0,0,0
5201314,5201314,28,9227,1,True,358,7,26,0,3,7,7,0,0,7,2,True,1,0,2,10,3.4,10,0,0,0
5201314,5201314,28,9227,1,True,359,8,4,3,1,7,7,0,-1,6,1,True,1,1,1,11,3.909090909090909,10,1,1,0
5201314,5201314,28,9227,1,True,360,9,3,1,2,7,7,0,0,7,3,True,1,0,3,11,3.272727272727273,10,0,0,0
5201314,5201314,28,9227,1,True,361,10,33,2,3,7,7,0,-1,6,1,True,1,1,1,11,3.272727272727273,10,1,1,0
5201314,5201314,28,9227,1,True,362,11,28,3,1,7,6,-1,-1,6,1,True,1,1,1,11,3.090909090909091,10,1,1,1
5201314,5201314,28,9227,1,True,363,12,21,0,2,6,5,-1,-1,5,1,True,1,1,1,9,3.5555555555555554,10,1,1,1
5201314,5201314,28,9227,1,True,364,13,1,1,2,5,5,0,-1,4,1,True,2,0,3,7,3.0,10,0,1,0
5201314,5201314,28,9227,1,True,365,14,38,2,1,5,6,1,-1,4,1,True,1,1,1,8,1.25,3,1,1,0
5201314,5201314,28,9227,1,True,366,15,38,1,0,6,4,-2,-2,4,1,True,2,1,1,9,1.2222222222222223,3,1,1,1
5201314,5201314,28,9227,1,True,367,16,41,3,0,4,3,-1,-1,3,1,True,1,1,1,7,2.2857142857142856,8,1,1,1
5201314,5201314,28,9227,1,True,368,17,32,2,3,3,3,0,0,3,2,True,1,0,2,5,3.4,10,0,0,0
5201314,5201314,28,9227,1,True,369,18,7,3,0,3,2,-1,-1,2,2,True,1,2,1,5,4.6,10,1,1,1
5201314,5201314,28,9227,1,True,370,19,14,1,0,2,1,-1,-1,1,2,True,2,0,2,3,4.333333333333333,10,0,1,1
5201314,5201314,28,9227,1,True,371,20,7,0,2,1,0,-1,-1,0,1,True,1,1,1,2,2.0,3,1,1,1
5201314,5201314,29,10001,1,True,373,1,7,2,0,4,4,0,0,4,1,True,1,0,4,7,3.142857142857143,10,0,0,0
5201314,5201314,29,10001,1,True,374,2,26,0,3,4,4,0,-1,3,1,True,1,1,1,7,3.5714285714285716,10,1,1,0
5201314,5201314,29,10001,1,True,375,3,28,3,2,4,4,0,0,4,2,True,1,0,10,7,3.5714285714285716,10,0,0,0
5201314,5201314,29,10001,1,True,376,4,33,2,3,4,3,-1,-1,3,1,True,1,1,1,7,1.8571428571428572,4,1,1,1
5201314,5201314,29,10001,1,True,377,5,6,1,2,3,2,-1,-1,2,1,True,1,1,1,5,1.4,3,1,1,1
5201314,5201314,29,10001,1,True,378,6,31,3,2,2,0,-2,-2,0,2,True,2,2,1,3,1.6666666666666667,3,1,1,1
5201314,5201314,30,10002,1,False,380,1,14,2,3,7,8,1,0,7,1,False,0,1,1,10,2.5,10,0,0,0
5201314,5201314,30,10002,2,False,382,1,26,0,1,7,6,-1,-1,6,1,True,1,1,1,10,2.5,10,1,1,1
5201314,5201314,30,10002,2,False,383,2,28,0,2,6,6,0,-1,5,1,True,1,1,1,9,2.888888888888889,10,1,1,0
5201314,5201314,30,10002,2,False,384,3,32,2,0,6,7,1,-1,5,1,True,1,1,1,10,2.8,10,1,1,0
5201314,5201314,30,10002,2,False,385,4,4,0,1,7,7,0,-1,6,1,True,1,1,1,11,3.3636363636363638,10,1,1,0
5201314,5201314,30,10002,2,False,386,5,9,1,2,7,7,0,0,7,2,True,1,0,10,12,4.0,10,0,0,0
5201314,5201314,30,10002,2,False,387,6,35,2,0,7,8,1,0,7,1,True,1,0,10,12,4.25,10,0,0,0
5201314,5201314,30,10002,2,False,388,7,35,0,1,8,7,-1,-1,7,2,True,2,0,3,12,2.8333333333333335,7,0,1,1
5201314,5201314,30,10002,2,False,389,8,37,1,2,7,7,0,0,7,2,True,1,0,2,12,4.083333333333333,10,0,0,0
5201314,5201314,30,10002,6,True,394,1,31,2,1,7,6,-1,-1,6,1,True,1,1,1,10,2.5,10,1,1,1
5201314,5201314,30,10002,6,True,395,2,33,1,2,6,6,0,0,6,2,True,1,0,3,8,1.75,3,0,0,0
5201314,5201314,30,10002,6,True,396,3,29,2,0,6,6,0,0,6,2,True,1,0,2,9,3.5555555555555554,10,0,0,0
5201314,5201314,30,10002,6,True,397,4,2,1,2,6,5,-1,-1,5,1,True,1,1,1,9,2.3333333333333335,10,1,1,1
5201314,5201314,30,10002,6,True,398,5,15,0,3,5,6,1,-1,4,1,True,1,1,1,7,1.2857142857142858,2,1,1,0
5201314,5201314,30,10002,6,True,399,6,15,3,1,6,4,-2,-2,4,1,True,2,1,1,8,1.25,2,1,1,1
5201314,5201314,30,10002,6,True,400,7,10,0,2,4,2,-2,-2,2,3,True,3,0,2,5,1.4,2,0,1,1
5201314,5201314,30,10002,6,True,401,8,14,2,3,2,2,0,-1,1,1,True,1,1,1,4,2.0,4,1,1,0
5201314,5201314,30,10002,6,True,402,9,14,3,1,2,1,-1,-1,1,1,True,1,1,1,4,1.75,4,1,1,1
5201314,5201314,30,10002,6,True,403,10,1,0,1,1,0,-1,-1,0,1,True,1,1,1,2,2.0,3,1,1,1
Rex,Rex,1,9005,1,True,1,1,44,1,2,5,3,-2,-2,3,1,True,2,1,1,8,2.0,6,1,1,1
Rex,Rex,1,9005,1,True,2,2,42,0,1,3,2,-1,-1,2,1,True,1,1,1,5,5.6,10,1,1,1
Rex,Rex,1,9005,1,True,3,3,11,1,3,2,3,1,-1,1,2,True,2,0,10,3,8.666666666666666,10,0,1,0
Rex,Rex,1,9005,1,True,4,4,11,3,2,3,1,-2,-2,1,2,True,3,0,10,4,6.25,10,0,1,1
Rex,Rex,1,9005,1,True,5,5,8,2,1,1,2,1,0,1,1,True,1,0,10,2,10.0,10,0,0,0
Rex,Rex,1,9005,1,True,6,6,8,1,2,2,1,-1,-1,1,2,True,2,0,10,3,8.666666666666666,10,0,1,1
Rex,Rex,1,9005,1,True,7,7,10,1,3,1,3,2,2,3,3,False,0,0,8,2,10.0,10,0,0,0
Rex,Rex,1,9005,1,True,8,8,10,3,1,3,1,-2,-2,1,1,True,2,1,1,5,4.6,10,1,1,1
Rex,Rex,1,9005,1,True,9,9,11,2,3,1,3,2,0,1,1,True,1,0,10,2,10.0,10,0,0,0
Rex,Rex,1,9005,1,True,10,10,11,3,0,3,1,-2,-2,1,2,True,3,0,10,4,6.25,10,0,1,1
Rex,Rex,1,9005,1,True,11,11,20,3,2,1,4,3,2,3,2,False,0,0,10,2,10.0,10,0,0,0
Rex,Rex,1,9005,1,True,12,12,20,2,3,4,1,-3,-3,1,1,True,3,1,1,6,4.0,10,1,1,1
Rex,Rex,1,9005,1,True,13,13,26,0,2,1,1,0,0,1,2,True,1,0,10,2,10.0,10,0,0,0
Rex,Rex,1,9005,1,True,14,14,44,2,3,1,1,0,0,1,2,True,1,0,2,2,6.0,10,0,0,0
Rex,Rex,1,9005,1,True,15,15,20,3,0,1,1,0,0,1,1,True,1,0,10,2,10.0,10,0,0,0
Rex,Rex,1,9005,1,True,16,16,20,0,3,1,1,0,0,1,1,True,1,0,10,2,10.0,10,0,0,0
Rex,Rex,1,9005,1,True,17,17,20,3,0,1,1,0,0,1,1,True,1,0,10,2,10.0,10,0,0,0
Rex,Rex,1,9005,1,True,18,18,13,0,1,1,1,0,0,1,2,True,1,0,10,2,10.0,10,0,0,0
Rex,Rex,1,9005,1,True,19,19,13,1,3,1,1,0,0,1,2,True,1,0,10,2,8.0,10,0,0,0
Rex,Rex,1,9005,1,True,20,20,25,3,1,1,2,1,0,1,2,True,1,0,6,2,8.0,10,0,0,0
Rex,Rex,1,9005,1,True,21,21,42,1,3,2,1,-1,-1,1,1,True,1,1,1,3,1.6666666666666667,2,1,1,1
Rex,Rex,1,9005,1,True,22,22,35,1,0,1,1,0,0,1,2,True,1,0,2,2,2.0,2,0,0,0
Rex,Rex,1,9005,1,True,23,23,40,0,3,1,0,-1,-1,0,1,True,1,1,1,2,5.5,10,1,1,1
Rex,Rex,2,9023,1,True,25,1,26,0,1,4,3,-1,-1,3,1,True,1,1,1,7,4.571428571428571,10,1,1,1
Rex,Rex,2,9023,1,True,26,2,5,2,3,3,2,-1,-1,2,2,True,2,0,5,5,5.6,10,0,1,1
Rex,Rex,2,9023,1,True,27,3,38,2,3,2,4,2,2,4,3,False,0,0,10,4,4.5,10,0,0,0
Rex,Rex,2,9023,1,True,28,4,30,3,2,4,3,-1,-1,3,1,True,1,1,1,6,1.6666666666666667,3,1,1,1
Rex,Rex,2,9023,1,True,29,5,38,3,2,3,1,-2,-2,1,1,True,2,1,1,5,1.8,3,1,1,1
Rex,Rex,2,9023,1,True,30,6,22,1,3,1,0,-1,-1,0,1,True,1,1,1,2,5.5,10,1,1,1
Rex,Rex,3,9035,1,True,32,1,43,1,3,4,2,-2,-2,2,1,True,2,1,1,7,2.857142857142857,7,1,1,1
Rex,Rex,3,9035,1,True,33,2,13,1,2,2,1,-1,-1,1,1,True,1,1,1,4,4.25,7,1,1,1
Rex,Rex,3,9035,1,True,34,3,42,3,1,1,1,0,0,1,2,True,1,0,6,2,6.0,6,0,0,0
Rex,Rex,3,9035,1,True,35,4,11,1,0,1,1,0,0,1,2,True,1,0,2,2,4.0,6,0,0,0
Rex,Rex,3,9035,1,True,36,5,9,0,1,1,1,0,0,1,2,True,1,0,2,2,2.0,2,0,0,0
Rex,Rex,3,9035,1,True,37,6,4,1,2,1,0,-1,-1,0,1,True,1,1,1,2,2.0,3,1,1,1
Rex,Rex,4,9053,1,True,39,1,38,2,1,6,6,0,0,6,1,True,1,0,10,9,3.111111111111111,10,0,0,0
Rex,Rex,4,9053,1,True,40,2,21,1,2,6,5,-1,-1,5,1,True,1,1,1,9,2.2222222222222223,10,1,1,1
Rex,Rex,4,9053,1,True,41,3,36,0,2,5,4,-1,-1,4,1,True,1,1,1,7,2.4285714285714284,10,1,1,1
Rex,Rex,4,9053,1,True,42,4,7,0,1,4,5,1,1,5,3,True,1,0,10,5,3.0,10,0,0,0
Rex,Rex,4,9053,1,True,43,5,28,1,2,5,5,0,0,5,2,True,1,0,2,7,1.8571428571428572,3,0,0,0
Rex,Rex,4,9053,1,True,44,6,17,1,2,5,6,1,0,5,1,True,1,0,3,8,1.75,3,0,0,0
Rex,Rex,4,9053,1,True,45,7,17,2,1,6,5,-1,-1,5,2,True,2,0,3,9,1.5555555555555556,3,0,1,1
Rex,Rex,4,9053,1,True,46,8,7,1,0,5,5,0,0,5,1,True,1,0,3,8,1.75,3,0,0,0
Rex,Rex,4,9053,1,True,47,9,8,0,1,5,2,-3,-3,2,2,True,4,0,2,7,2.4285714285714284,10,0,1,1
Rex,Rex,4,9053,1,True,48,10,30,2,1,2,1,-1,-1,1,1,True,1,1,1,4,1.75,3,1,1,1
Rex,Rex,4,9053,1,True,49,11,34,1,3,1,0,-1,-1,0,1,True,1,1,1,2,1.5,2,1,1,1
Rex,Rex,5,9055,1,True,51,1,16,0,3,5,3,-2,-3,2,1,True,3,1,1,8,1.875,5,1,1,1
Rex,Rex,5,9055,1,True,52,2,16,3,2,3,2,-1,-1,2,1,True,1,1,1,6,2.1666666666666665,5,1,1,1
Rex,Rex,5,9055,1,True,53,3,28,1,3,2,1,-1,-1,1,1,True,1,1,1,4,2.75,5,1,1,1
Rex,Rex,5,9055,1,True,54,4,13,1,3,1,1,0,0,1,2,True,1,0,4,2,4.5,5,0,0,0
Rex,Rex,5,9055,1,True,55,5,0,3,1,1,0,-1,-1,0,1,True,1,1,1,2,2.0,3,1,1,1
Rex,Rex,6,9056,1,True,57,1,26,0,3,7,5,-2,-2,5,1,True,2,1,1,10,1.7,4,1,1,1
Rex,Rex,6,9056,1,True,58,2,5,1,2,5,4,-1,-2,3,1,True,3,0,2,7,1.5714285714285714,2,0,1,1
Rex,Rex,6,9056,1,True,59,3,1,2,0,4,3,-1,-1,3,1,True,1,1,1,6,1.6666666666666667,2,1,1,1
Rex,Rex,6,9056,1,True,60,4,40,2,1,3,3,0,0,3,3,True,1,0,2,5,2.4,5,0,0,0
Rex,Rex,6,9056,1,True,61,5,36,1,3,3,2,-1,-1,2,1,True,1,1,1,5,1.6,2,1,1,1
Rex,Rex,6,9056,1,True,62,6,33,2,1,2,0,-2,-2,0,1,True,2,1,1,3,1.6666666666666667,2,1,1,1
Rex,Rex,7,9057,1,True,64,1,17,0,2,4,3,-1,-1,3,2,True,2,0,3,7,2.142857142857143,4,0,1,1
Rex,Rex,7,9057,1,True,65,2,43,3,0,3,2,-1,-1,2,1,True,1,1,1,6,1.8333333333333333,4,1,1,1
Rex,Rex,7,9057,1,True,66,3,30,2,3,2,2,0,0,2,1,True,1,0,3,4,2.0,3,0,0,0
Rex,Rex,7,9057,1,True,67,4,14,3,2,2,1,-1,-1,1,1,True,1,1,1,4,1.75,3,1,1,1
Rex,Rex,7,9057,1,True,68,5,20,2,1,1,0,-1,-1,0,1,True,1,1,1,2,1.5,2,1,1,1
Rex,Rex,8,9061,1,True,70,1,32,3,2,4,4,0,0,4,3,True,1,0,10,7,6.285714285714286,10,0,0,0
Rex,Rex,8,9061,1,True,71,2,17,0,2,4,2,-2,-2,2,1,True,2,1,1,7,4.428571428571429,10,1,1,1
Rex,Rex,8,9061,1,True,72,3,9,3,1,2,1,-1,-1,1,1,True,1,1,1,4,5.25,10,1,1,1
Rex,Rex,8,9061,1,True,73,4,11,2,0,1,2,1,1,2,2,True,1,0,10,2,7.0,10,0,0,0
Rex,Rex,8,9061,1,True,74,5,11,0,1,2,2,0,-1,1,1,True,2,0,10,3,7.333333333333333,10,0,1,0
Rex,Rex,8,9061,1,True,75,6,11,1,2,2,1,-1,-1,1,1,True,2,0,5,3,6.333333333333333,10,0,1,1
Rex,Rex,8,9061,1,True,76,7,32,2,1,1,1,0,0,1,3,True,1,0,4,2,7.0,10,0,0,0
Rex,Rex,8,9061,1,True,77,8,35,1,0,1,1,0,0,1,2,True,1,0,4,2,4.0,4,0,0,0
Rex,Rex,8,9061,1,True,78,9,35,0,3,1,1,0,0,1,2,True,1,0,3,2,3.0,3,0,0,0
Rex,Rex,8,9061,1,True,79,10,5,3,2,1,2,1,0,1,1,True,1,0,2,2,6.0,10,0,0,0
Rex,Rex,8,9061,1,True,80,11,17,2,1,2,2,0,0,2,1,True,1,0,10,3,10.0,10,0,0,0
Rex,Rex,8,9061,1,True,81,12,26,1,3,2,2,0,0,2,2,True,1,0,10,4,10.0,10,0,0,0
Rex,Rex,8,9061,1,True,82,13,18,3,0,2,2,0,0,2,1,True,1,0,10,4,10.0,10,0,0,0
Rex,Rex,8,9061,1,True,83,14,41,0,2,2,2,0,0,2,3,True,1,0,2,4,5.25,10,0,0,0
Rex,Rex,8,9061,1,True,84,15,22,2,1,2,2,0,0,2,2,True,1,0,2,4,4.75,10,0,0,0
Rex,Rex,8,9061,1,True,85,16,9,1,3,2,1,-1,-1,1,1,True,1,1,1,4,6.5,10,1,1,1
Rex,Rex,8,9061,1,True,86,17,5,2,3,1,1,0,0,1,1,True,1,0,5,2,7.5,10,0,0,0
Rex,Rex,8,9061,1,True,87,18,35,3,0,1,1,0,0,1,2,True,1,0,4,2,3.5,4,0,0,0
Rex,Rex,8,9061,1,True,88,19,33,0,2,1,1,0,0,1,2,True,1,0,3,2,3.5,4,0,0,0
Rex,Rex,8,9061,1,True,89,20,25,2,3,1,1,0,0,1,2,True,1,0,2,2,2.5,3,0,0,0
Rex,Rex,8,9061,1,True,90,21,14,0,2,1,1,0,0,1,1,False,0,1,1,2,6.0,10,0,0,0
Rex,Rex,8,9061,1,True,91,22,24,3,1,1,1,0,0,1,2,True,1,0,2,2,6.0,10,0,0,0
Rex,Rex,8,9061,1,True,92,23,1,1,2,1,0,-1,-1,0,1,True,1,1,1,2,1.5,2,1,1,1
Rex,Rex,9,9067,1,True,94,1,14,3,2,4,4,0,0,4,3,True,1,0,3,7,1.8571428571428572,3,0,0,0
Rex,Rex,9,9067,1,True,95,2,23,1,3,4,2,-2,-2,2,1,True,2,1,1,7,1.5714285714285714,3,1,1,1
Rex,Rex,9,9067,1,True,96,3,10,1,3,2,1,-1,-1,1,1,True,1,1,1,4,1.5,2,1,1,1
Rex,Rex,9,9067,1,True,97,4,1,0,2,1,3,2,1,2,1,False,0,0,4,2,2.0,2,0,0,0
Rex,Rex,9,9067,1,True,98,5,1,2,0,3,1,-2,-2,1,1,True,2,1,1,4,1.25,2,1,1,1
Rex,Rex,9,9067,1,True,99,6,1,0,3,1,2,1,1,2,1,False,0,0,4,2,2.0,2,0,0,0
Rex,Rex,9,9067,1,True,100,7,1,3,0,2,1,-1,-1,1,1,True,1,1,1,4,2.75,6,1,1,1
Rex,Rex,9,9067,1,True,101,8,31,2,1,1,1,0,0,1,2,True,1,0,2,2,2.0,2,0,0,0
Rex,Rex,9,9067,1,True,102,9,6,1,3,1,0,-1,-1,0,1,True,1,1,1,2,2.0,3,1,1,1
Rex,Rex,10,9069,1,True,104,1,43,0,1,4,4,0,-1,3,1,True,1,1,1,6,4.166666666666667,10,1,1,0
Rex,Rex,10,9069,1,True,105,2,32,0,3,4,3,-1,-1,3,1,True,1,1,1,7,4.428571428571429,10,1,1,1
Rex,Rex,10,9069,1,True,106,3,43,1,2,3,3,0,-1,2,1,True,1,1,1,6,7.0,10,1,1,0
Rex,Rex,10,9069,1,True,107,4,39,2,0,3,2,-1,-1,2,1,True,1,1,1,6,7.0,10,1,1,1
Rex,Rex,10,9069,1,True,108,5,20,2,0,2,2,0,0,2,2,True,1,0,10,4,7.75,10,0,0,0
Rex,Rex,10,9069,1,True,109,6,43,2,0,2,3,1,1,3,3,False,0,0,3,3,4.0,6,0,0,0
Rex,Rex,10,9069,1,True,110,7,14,0,1,3,3,0,0,3,1,True,1,0,3,4,2.0,3,0,0,0
Rex,Rex,10,9069,1,True,111,8,14,1,0,3,3,0,0,3,1,True,1,0,4,5,2.2,4,0,0,0
Rex,Rex,10,9069,1,True,112,9,26,0,1,3,2,-1,-1,2,2,True,2,0,3,4,2.0,3,0,1,1
Rex,Rex,10,9069,1,True,113,10,32,3,2,2,2,0,0,2,1,False,0,1,1,4,1.75,3,0,0,0
Rex,Rex,10,9069,1,True,114,11,26,1,3,2,2,0,0,2,1,True,1,0,2,4,1.5,2,0,0,0
Rex,Rex,10,9069,1,True,115,12,35,1,3,2,3,1,1,3,2,False,0,0,8,4,3.0,7,0,0,0
Rex,Rex,10,9069,1,True,116,13,26,3,1,3,1,-2,-2,1,1,True,2,1,1,5,1.2,2,1,1,1
Rex,Rex,10,9069,1,True,117,14,43,0,3,1,0,-1,-1,0,1,True,1,1,1,2,1.5,2,1,1,1
Rex,Rex,11,9058,1,True,119,1,34,1,2,6,5,-1,-1,5,1,True,1,1,1,10,4.3,10,1,1,1
Rex,Rex,11,9058,1,True,120,2,13,0,2,5,5,0,0,5,1,True,1,0,4,8,5.0,10,0,0,0
Rex,Rex,11,9058,1,True,121,3,30,2,0,5,4,-1,-1,4,1,True,1,1,1,8,4.375,10,1,1,1
Rex,Rex,11,9058,1,True,122,4,11,0,3,4,1,-3,-3,1,1,True,3,1,1,6,5.5,10,1,1,1
Rex,Rex,11,9058,1,True,123,5,8,3,1,1,1,0,0,1,1,True,1,0,10,2,10.0,10,0,0,0
Rex,Rex,11,9058,1,True,124,6,2,1,0,1,4,3,0,1,1,True,1,0,5,2,7.5,10,0,0,0
Rex,Rex,11,9058,1,True,125,7,2,0,1,4,1,-3,-3,1,2,True,4,0,2,5,4.6,10,0,1,1
Rex,Rex,11,9058,1,True,126,8,8,1,3,1,1,0,0,1,1,True,1,0,10,2,7.5,10,0,0,0
Rex,Rex,11,9058,1,True,127,9,8,3,1,1,1,0,0,1,1,True,1,0,10,2,10.0,10,0,0,0
Rex,Rex,11,9058,1,True,128,10,2,1,3,1,1,0,0,1,1,True,1,0,5,2,7.5,10,0,0,0
Rex,Rex,11,9058,1,True,129,11,26,3,1,1,0,-1,-1,0,1,True,1,1,1,2,5.5,10,1,1,1
Rex,Rex,12,9088,1,True,131,1,44,3,1,9,8,-1,-1,8,1,True,1,1,1,10,2.1,10,1,1,1
Rex,Rex,12,9088,1,True,132,2,36,0,2,8,6,-2,-2,6,2,True,2,2,1,9,2.3333333333333335,10,1,1,1
Rex,Rex,12,9088,1,True,133,3,26,3,0,6,5,-1,-1,5,1,True,1,1,1,7,2.857142857142857,10,1,1,1
Rex,Rex,12,9088,1,True,134,4,6,3,0,5,6,1,0,5,2,True,1,0,2,6,3.1666666666666665,10,0,0,0
Rex,Rex,12,9088,1,True,135,5,7,3,2,6,7,1,1,7,2,False,0,0,10,5,3.4,10,0,0,0
Rex,Rex,12,9088,1,True,136,6,7,2,0,7,9,2,-1,6,1,True,1,1,1,7,2.7142857142857144,10,1,1,0
Rex,Rex,12,9088,1,True,137,7,20,0,3,9,7,-2,-2,7,1,True,2,1,1,6,1.5,2,1,1,1
Rex,Rex,12,9088,1,True,138,8,3,0,1,7,4,-3,-3,4,1,True,3,1,1,5,2.0,3,1,1,1
Rex,Rex,12,9088,1,True,139,9,40,0,2,4,3,-1,-1,3,1,True,2,0,5,4,5.0,10,0,1,1
Rex,Rex,12,9088,1,True,140,10,6,0,2,3,3,0,0,3,2,True,1,0,10,5,6.6,10,0,0,0
Rex,Rex,12,9088,1,True,141,11,19,2,0,3,2,-1,-1,2,1,True,1,1,1,6,4.666666666666667,10,1,1,1
Rex,Rex,12,9088,1,True,142,12,7,0,3,2,2,0,0,2,2,True,1,0,10,4,4.75,10,0,0,0
Rex,Rex,12,9088,1,True,143,13,20,3,0,2,1,-1,-1,1,1,True,1,1,1,4,6.25,10,1,1,1
Rex,Rex,12,9088,1,True,144,14,44,1,3,1,2,1,1,2,3,False,0,0,2,2,7.0,10,0,0,0
Rex,Rex,12,9088,1,True,145,15,5,3,1,2,2,0,0,2,1,True,1,0,10,4,5.75,10,0,0,0
Rex,Rex,12,9088,1,True,146,16,10,1,3,2,1,-1,-1,1,1,True,1,1,1,4,5.5,10,1,1,1
Rex,Rex,12,9088,1,True,147,17,6,2,0,1,1,0,0,1,2,True,1,0,10,2,10.0,10,0,0,0
Rex,Rex,12,9088,1,True,148,18,6,0,2,1,1,0,0,1,2,True,1,0,10,2,10.0,10,0,0,0
Rex,Rex,12,9088,1,True,149,19,36,2,0,1,1,0,0,1,2,True,1,0,10,2,10.0,10,0,0,0
Rex,Rex,12,9088,1,True,150,20,25,0,3,1,2,1,0,1,2,True,1,0,4,2,3.0,4,0,0,0
Rex,Rex,12,9088,1,True,151,21,25,3,1,2,1,-1,-1,1,3,True,2,0,2,3,1.3333333333333333,2,0,1,1
Rex,Rex,12,9088,1,True,152,22,25,1,2,1,1,0,0,1,2,True,1,0,2,2,6.0,10,0,0,0
Rex,Rex,12,9088,1,True,153,23,14,2,0,1,0,-1,-1,0,1,True,1,1,1,2,5.5,10,1,1,1
Rex,Rex,13,9096,1,True,155,1,4,1,2,8,7,-1,-1,7,1,True,1,1,1,10,3.7,10,1,1,1
Rex,Rex,13,9096,1,True,156,2,36,0,3,7,5,-2,-2,5,1,True,2,1,1,9,4.333333333333333,10,1,1,1
Rex,Rex,13,9096,1,True,157,3,41,0,1,5,6,1,1,6,2,False,0,0,5,6,6.333333333333333,10,0,0,0
Rex,Rex,13,9096,1,True,158,4,9,0,1,6,7,1,0,6,1,False,0,1,1,7,5.285714285714286,10,0,0,0
Rex,Rex,13,9096,1,True,159,5,31,1,0,7,4,-3,-3,4,1,True,3,1,1,8,4.5,10,1,1,1
Rex,Rex,13,9096,1,True,160,6,1,3,0,4,3,-1,-1,3,1,True,1,1,1,5,8.2,10,1,1,1
Rex,Rex,13,9096,1,True,161,7,10,1,2,3,2,-1,-1,2,2,True,2,0,10,3,10.0,10,0,1,1
Rex,Rex,13,9096,1,True,162,8,34,1,2,2,3,1,0,2,2,True,1,0,10,4,6.0,10,0,0,0
Rex,Rex,13,9096,1,True,163,9,4,2,1,3,2,-1,-1,2,1,True,1,1,1,4,6.0,10,1,1,1
Rex,Rex,13,9096,1,True,164,10,34,2,0,2,1,-1,-1,1,3,True,2,0,10,3,10.0,10,0,1,1
Rex,Rex,13,9096,1,True,165,11,39,0,1,1,2,1,1,2,3,True,1,0,10,2,10.0,10,0,0,0
Rex,Rex,13,9096,1,True,166,12,39,1,0,2,1,-1,-1,1,1,True,2,0,10,3,4.333333333333333,10,0,1,1
Rex,Rex,13,9096,1,True,167,13,34,0,3,1,1,0,0,1,2,True,1,0,10,2,10.0,10,0,0,0
Rex,Rex,13,9096,1,True,168,14,8,2,1,1,3,2,1,2,2,False,0,0,10,2,10.0,10,0,0,0
Rex,Rex,13,9096,1,True,169,15,8,1,2,3,1,-2,-2,1,1,True,2,1,1,5,2.2,6,1,1,1
Rex,Rex,13,9096,1,True,170,16,36,3,1,1,1,0,0,1,2,True,1,0,10,2,10.0,10,0,0,0
Rex,Rex,13,9096,1,True,171,17,38,1,3,1,0,-1,-1,0,1,True,1,1,1,2,1.5,2,1,1,1
Rex,Rex,14,9008,1,True,173,1,9,2,0,6,5,-1,-1,5,1,True,1,1,1,11,3.272727272727273,10,1,1,1
Rex,Rex,14,9008,1,True,174,2,19,2,1,5,4,-1,-1,4,1,True,1,1,1,9,3.7777777777777777,10,1,1,1
Rex,Rex,14,9008,1,True,175,3,15,1,2,4,5,1,1,5,1,False,0,0,4,8,3.875,10,0,0,0
Rex,Rex,14,9008,1,True,176,4,18,0,1,5,6,1,1,6,2,False,0,0,10,9,2.7777777777777777,5,0,0,0
Rex,Rex,14,9008,1,True,177,5,18,1,0,6,5,-1,-1,5,1,True,1,1,1,11,2.5454545454545454,5,1,1,1
Rex,Rex,14,9008,1,True,178,6,23,2,1,5,3,-2,-2,3,1,True,2,1,1,9,2.7777777777777777,5,1,1,1
Rex,Rex,14,9008,1,True,179,7,44,3,0,3,2,-1,-1,2,1,True,1,1,1,6,3.0,5,1,1,1
Rex,Rex,14,9008,1,True,180,8,36,1,0,2,1,-1,-1,1,1,True,1,1,1,4,4.25,10,1,1,1
Rex,Rex,14,9008,1,True,181,9,31,2,3,1,0,-1,-1,0,1,True,1,1,1,2,5.5,10,1,1,1
Rex,Rex,15,9028,1,True,183,1,27,1,0,5,6,1,0,5,1,True,1,0,2,10,2.5,10,0,0,0
Rex,Rex,15,9028,1,True,184,2,23,3,0,6,5,-1,-1,5,2,True,1,2,1,11,3.1818181818181817,10,1,1,1
Rex,Rex,15,9028,1,True,185,3,20,0,3,5,4,-1,-1,4,2,True,1,2,1,9,3.6666666666666665,10,1,1,1
Rex,Rex,15,9028,1,True,186,4,0,0,2,4,3,-1,-1,3,1,True,1,1,1,7,4.428571428571429,10,1,1,1
Rex,Rex,15,9028,1,True,187,5,32,3,0,3,4,1,1,4,2,False,0,0,3,5,5.8,10,0,0,0
Rex,Rex,15,9028,1,True,188,6,2,1,3,4,5,1,1,5,2,False,0,0,7,6,5.166666666666667,10,0,0,0
Rex,Rex,15,9028,1,True,189,7,42,3,1,5,4,-1,-1,4,1,True,1,1,1,8,1.875,4,1,1,1
Rex,Rex,15,9028,1,True,190,8,10,0,2,4,3,-1,-1,3,3,True,2,0,2,6,2.8333333333333335,7,0,1,1
Rex,Rex,15,9028,1,True,191,9,14,2,3,3,2,-1,-1,2,1,True,1,1,1,5,4.6,10,1,1,1
Rex,Rex,15,9028,1,True,192,10,27,0,2,2,3,1,0,2,1,True,1,0,3,4,5.25,10,0,0,0
Rex,Rex,15,9028,1,True,193,11,3,2,0,3,2,-1,-1,2,2,True,2,0,5,3,4.333333333333333,5,0,1,1
Rex,Rex,15,9028,1,True,194,12,32,0,2,2,2,0,0,2,3,True,1,0,2,4,3.0,5,0,0,0
Rex,Rex,15,9028,1,True,195,13,39,1,0,2,2,0,0,2,1,False,0,1,1,3,3.0,5,0,0,0
Rex,Rex,15,9028,1,True,196,14,10,2,0,2,2,0,-2,0,1,True,2,1,1,3,2.6666666666666665,6,1,1,0
Rex,Rex,15,9028,1,True,197,15,10,0,1,2,0,-2,-2,0,1,True,2,1,1,3,1.3333333333333333,2,1,1,1
Rex,Rex,16,9090,1,True,199,1,26,3,1,10,10,0,0,10,2,True,1,0,3,14,3.5714285714285716,10,0,0,0
Rex,Rex,16,9090,1,True,200,2,24,1,2,10,10,0,-1,9,1,True,1,1,1,15,3.466666666666667,10,1,1,0
Rex,Rex,16,9090,1,True,201,3,34,2,3,10,9,-1,-1,9,1,True,1,1,1,15,3.466666666666667,10,1,1,1
Rex,Rex,16,9090,1,True,202,4,25,3,2,9,8,-1,-1,8,1,True,2,0,10,13,3.8461538461538463,10,0,1,1
Rex,Rex,16,9090,1,True,203,5,28,0,1,8,7,-1,-1,7,1,True,1,1,1,12,2.25,4,1,1,1
Rex,Rex,16,9090,1,True,204,6,8,3,1,7,5,-2,-2,5,2,True,2,2,1,10,4.6,10,1,1,1
Rex,Rex,16,9090,1,True,205,7,35,3,1,5,4,-1,-1,4,1,True,2,0,8,7,6.0,10,0,1,1
Rex,Rex,16,9090,1,True,206,8,29,3,1,4,4,0,0,4,2,True,1,0,10,8,8.875,10,0,0,0
Rex,Rex,16,9090,1,True,207,9,0,3,0,4,5,1,1,5,1,False,0,0,7,8,6.875,10,0,0,0
Rex,Rex,16,9090,1,True,208,10,0,0,3,5,4,-1,-1,4,1,True,1,1,1,10,4.9,10,1,1,1
Rex,Rex,16,9090,1,True,209,11,5,1,3,4,5,1,0,4,1,True,1,0,10,8,6.875,10,0,0,0
Rex,Rex,16,9090,1,True,210,12,40,3,2,5,3,-2,-2,3,2,True,2,2,1,7,3.142857142857143,10,1,1,1
Rex,Rex,16,9090,1,True,211,13,40,2,0,3,3,0,0,3,1,False,0,1,1,6,3.6666666666666665,10,0,0,0
Rex,Rex,16,9090,1,True,212,14,5,3,2,3,3,0,0,3,2,True,1,0,3,6,3.5,10,0,0,0
Rex,Rex,16,9090,1,True,213,15,1,2,3,3,2,-1,-1,2,2,True,2,0,2,5,3.8,10,0,1,1
Rex,Rex,16,9090,1,True,214,16,6,3,0,2,3,1,0,2,1,True,1,0,10,4,6.25,10,0,0,0
Rex,Rex,16,9090,1,True,215,17,6,0,1,3,2,-1,-1,2,2,True,2,0,10,5,7.0,10,0,1,1
Rex,Rex,16,9090,1,True,216,18,28,1,0,2,2,0,0,2,1,True,1,0,10,4,6.25,10,0,0,0
Rex,Rex,16,9090,1,True,217,19,28,0,3,2,3,1,0,2,1,True,1,0,7,4,5.5,10,0,0,0
Rex,Rex,16,9090,1,True,218,20,10,0,3,3,4,1,0,3,1,False,0,1,1,5,3.4,6,0,0,0
Rex,Rex,16,9090,1,True,219,21,12,3,1,4,2,-2,-2,2,1,True,2,1,1,6,3.0,6,1,1,1
Rex,Rex,16,9090,1,True,220,22,30,3,2,2,2,0,0,2,1,False,0,1,1,4,3.75,5,0,0,0
Rex,Rex,16,9090,1,True,221,23,32,0,3,2,2,0,0,2,1,False,0,1,1,4,3.75,5,0,0,0
Rex,Rex,16,9090,1,True,222,24,31,2,0,2,2,0,0,2,1,False,0,1,1,4,3.25,4,0,0,0
Rex,Rex,16,9090,1,True,223,25,42,3,2,2,2,0,0,2,2,True,1,0,5,4,3.25,5,0,0,0
Rex,Rex,16,9090,1,True,224,26,36,2,0,2,3,1,0,2,2,True,1,0,2,4,4.25,10,0,0,0
Rex,Rex,16,9090,1,True,225,27,36,0,2,3,2,-1,-1,2,3,True,2,0,2,5,3.8,10,0,1,1
Rex,Rex,16,9090,1,True,226,28,31,0,2,2,3,1,1,3,2,False,0,0,10,4,4.25,10,0,0,0
Rex,Rex,16,9090,1,True,227,29,42,2,0,3,2,-1,-1,2,3,True,2,0,3,5,2.2,3,0,1,1
Rex,Rex,16,9090,1,True,228,30,29,1,0,2,2,0,0,2,2,True,1,0,2,4,4.5,10,0,0,0
Rex,Rex,16,9090,1,True,229,31,37,0,3,2,1,-1,-1,1,1,True,1,1,1,4,4.75,10,1,1,1
Rex,Rex,16,9090,1,True,230,32,31,2,1,1,2,1,1,2,2,False,0,0,3,2,6.5,10,0,0,0
Rex,Rex,16,9090,1,True,231,33,31,1,2,2,1,-1,-1,1,1,True,1,1,1,4,4.0,10,1,1,1
Rex,Rex,16,9090,1,True,232,34,42,0,1,1,1,0,0,1,2,True,1,0,3,2,6.5,10,0,0,0
Rex,Rex,16,9090,1,True,233,35,9,1,0,1,1,0,0,1,2,True,1,0,2,2,3.0,4,0,0,0
Rex,Rex,16,9090,1,True,234,36,3,0,1,1,1,0,0,1,2,True,1,0,2,2,3.5,5,0,0,0
Rex,Rex,16,9090,1,True,235,37,27,1,3,1,1,0,0,1,2,True,1,0,4,2,7.0,10,0,0,0
Rex,Rex,16,9090,1,True,236,38,20,3,0,1,1,0,0,1,1,True,1,0,3,2,2.5,3,0,0,0
Rex,Rex,16,9090,1,True,237,39,8,1,3,1,1,0,0,1,1,False,0,1,1,2,5.5,10,0,0,0
Rex,Rex,16,9090,1,True,238,40,8,3,1,1,1,0,0,1,1,False,0,1,1,2,6.0,10,0,0,0
Rex,Rex,16,9090,1,True,239,41,44,0,3,1,0,-1,-1,0,1,True,1,1,1,2,5.5,10,1,1,1
Rex,Rex,17,9098,1,True,241,1,36,3,0,10,8,-2,-2,8,2,True,2,2,1,14,2.642857142857143,10,1,1,1
Rex,Rex,17,9098,1,True,242,2,37,2,3,8,7,-1,-1,7,2,True,1,2,1,11,2.909090909090909,10,1,1,1
Rex,Rex,17,9098,1,True,243,3,18,3,2,7,4,-3,-3,4,2,True,3,2,1,9,3.111111111111111,10,1,1,1
Rex,Rex,17,9098,1,True,244,4,19,3,0,4,2,-2,-2,2,2,True,3,0,3,6,4.333333333333333,10,0,1,1
Rex,Rex,17,9098,1,True,245,5,30,0,2,2,3,1,1,3,3,True,1,0,10,4,4.0,10,0,0,0
Rex,Rex,17,9098,1,True,246,6,30,2,1,3,3,0,-1,2,1,True,2,0,2,5,2.6,5,0,1,0
Rex,Rex,17,9098,1,True,247,7,37,3,1,3,3,0,0,3,1,False,0,1,1,5,2.8,5,0,0,0
Rex,Rex,17,9098,1,True,248,8,30,1,2,3,3,0,-1,2,1,True,2,0,5,5,2.6,5,0,1,0
Rex,Rex,17,9098,1,True,249,9,10,3,2,3,3,0,0,3,1,False,0,1,1,5,2.6,5,0,0,0
Rex,Rex,17,9098,1,True,250,10,12,1,3,3,3,0,0,3,1,False,0,1,1,5,2.6,5,0,0,0
Rex,Rex,17,9098,1,True,251,11,30,2,3,3,3,0,-1,2,1,True,2,0,2,5,2.6,5,0,1,0
Rex,Rex,17,9098,1,True,252,12,2,3,0,3,2,-1,-1,2,1,True,1,1,1,5,2.0,3,1,1,1
Rex,Rex,17,9098,1,True,253,13,40,0,1,2,3,1,1,3,1,False,0,0,3,4,2.75,4,0,0,0
Rex,Rex,17,9098,1,True,254,14,40,1,0,3,2,-1,-1,2,1,True,1,1,1,6,2.1666666666666665,4,1,1,1
Rex,Rex,17,9098,1,True,255,15,25,2,0,2,3,1,1,3,2,False,0,0,4,4,2.75,4,0,0,0
Rex,Rex,17,9098,1,True,256,16,25,0,3,3,3,0,-1,2,1,True,1,1,1,6,2.8333333333333335,5,1,1,0
Rex,Rex,17,9098,1,True,257,17,30,3,2,3,2,-1,-1,2,1,True,2,0,4,5,2.4,4,0,1,1
Rex,Rex,17,9098,1,True,258,18,22,2,3,2,2,0,0,2,1,True,1,0,4,4,3.25,4,0,0,0
Rex,Rex,17,9098,1,True,259,19,14,3,0,2,3,1,1,3,3,True,1,0,7,4,4.25,7,0,0,0
Rex,Rex,17,9098,1,True,260,20,28,0,3,3,4,1,0,3,1,False,0,1,1,4,4.75,9,0,0,0
Rex,Rex,17,9098,1,True,261,21,11,3,2,4,4,0,0,4,2,True,1,0,2,6,3.6666666666666665,9,0,0,0
Rex,Rex,17,9098,1,True,262,22,14,0,3,4,3,-1,-1,3,1,True,2,0,9,6,4.0,9,0,1,1
Rex,Rex,17,9098,1,True,263,23,18,2,0,3,2,-1,-1,2,1,True,1,1,1,6,3.8333333333333335,8,1,1,1
Rex,Rex,17,9098,1,True,264,24,22,3,2,2,2,0,0,2,1,True,1,0,5,4,4.75,8,0,0,0
Rex,Rex,17,9098,1,True,265,25,22,2,0,2,3,1,0,2,1,True,1,0,4,4,3.5,4,0,0,0
Rex,Rex,17,9098,1,True,266,26,16,0,1,3,4,1,1,4,3,True,1,0,5,5,5.4,10,0,0,0
Rex,Rex,17,9098,1,True,267,27,22,0,1,4,6,2,0,4,2,True,1,0,10,7,4.0,10,0,0,0
Rex,Rex,17,9098,1,True,268,28,16,1,0,6,3,-3,-3,3,1,True,3,1,1,7,3.0,10,1,1,1
Rex,Rex,17,9098,1,True,269,29,22,1,3,3,2,-1,-1,2,2,True,2,0,10,5,3.8,10,0,1,1
Rex,Rex,17,9098,1,True,270,30,28,3,0,2,2,0,0,2,1,False,0,1,1,4,4.75,8,0,0,0
Rex,Rex,17,9098,1,True,271,31,14,3,2,2,3,1,1,3,3,True,1,0,7,4,4.25,7,0,0,0
Rex,Rex,17,9098,1,True,272,32,19,0,2,3,5,2,0,3,1,True,1,0,3,5,3.0,4,0,0,0
Rex,Rex,17,9098,1,True,273,33,19,2,1,5,3,-2,-2,3,2,True,3,0,3,4,2.5,4,0,1,1
Rex,Rex,17,9098,1,True,274,34,11,2,3,3,3,0,0,3,1,False,0,1,1,5,3.2,7,0,0,0
Rex,Rex,17,9098,1,True,275,35,11,3,2,3,3,0,0,3,1,False,0,1,1,5,2.8,7,0,0,0
Rex,Rex,17,9098,1,True,276,36,14,2,0,3,2,-1,-1,2,2,True,2,0,7,5,3.2,7,0,1,1
Rex,Rex,17,9098,1,True,277,37,21,0,3,2,3,1,1,3,1,False,0,0,3,4,6.75,10,0,0,0
Rex,Rex,17,9098,1,True,278,38,21,3,0,3,2,-1,-1,2,1,True,1,1,1,6,5.666666666666667,10,1,1,1
Rex,Rex,17,9098,1,True,279,39,26,1,3,2,2,0,0,2,2,True,1,0,2,4,6.75,10,0,0,0
Rex,Rex,17,9098,1,True,280,40,28,0,3,2,2,0,0,2,1,False,0,1,1,4,6.0,10,0,0,0
Rex,Rex,17,9098,1,True,281,41,8,2,3,2,3,1,1,3,3,False,0,0,2,4,6.5,10,0,0,0
Rex,Rex,17,9098,1,True,282,42,13,3,0,3,2,-1,-1,2,1,True,1,1,1,6,4.666666666666667,10,1,1,1
Rex,Rex,17,9098,1,True,283,43,11,2,3,2,4,2,1,3,1,False,0,0,4,4,6.5,10,0,0,0
Rex,Rex,17,9098,1,True,284,44,28,3,2,4,3,-1,-1,3,2,True,1,2,1,6,3.3333333333333335,10,1,1,1
Rex,Rex,17,9098,1,True,285,45,26,3,1,3,2,-1,-2,1,1,True,2,1,1,5,4.0,10,1,1,1
Rex,Rex,17,9098,1,True,286,46,16,0,1,2,3,1,1,3,3,True,1,0,5,4,6.5,10,0,0,0
Rex,Rex,17,9098,1,True,287,47,10,2,1,3,4,1,0,3,1,False,0,1,1,5,3.4,10,0,0,0
Rex,Rex,17,9098,1,True,288,48,4,2,1,4,6,2,0,4,1,False,0,1,1,6,2.8333333333333335,10,0,0,0
Rex,Rex,17,9098,1,True,289,49,4,1,2,6,4,-2,-2,4,2,True,2,2,1,7,2.2857142857142856,10,1,1,1
Rex,Rex,17,9098,1,True,290,50,26,1,2,4,3,-1,-1,3,1,True,1,1,1,6,2.8333333333333335,10,1,1,1
Rex,Rex,17,9098,1,True,291,51,10,1,0,3,2,-1,-1,2,2,True,1,2,1,4,1.5,2,1,1,1
Rex,Rex,17,9098,1,True,292,52,29,1,3,2,1,-1,-1,1,1,True,1,1,1,3,1.6666666666666667,2,1,1,1
Rex,Rex,17,9098,1,True,293,53,44,3,1,1,2,1,0,1,1,False,0,1,1,2,2.0,2,0,0,0
Rex,Rex,17,9098,1,True,294,54,7,2,3,2,2,0,0,2,1,False,0,1,1,3,1.6666666666666667,2,0,0,0
Rex,Rex,17,9098,1,True,295,55,2,0,2,2,3,1,1,3,1,False,0,0,4,3,1.6666666666666667,2,0,0,0
Rex,Rex,17,9098,1,True,296,56,2,2,0,3,2,-1,-1,2,1,True,1,1,1,5,1.4,2,1,1,1
Rex,Rex,17,9098,1,True,297,57,44,1,0,2,1,-1,-1,1,1,True,1,1,1,3,1.6666666666666667,2,1,1,1
Rex,Rex,17,9098,1,True,298,58,4,2,1,1,3,2,1,2,2,False,0,0,3,2,4.0,4,0,0,0
Rex,Rex,17,9098,1,True,299,59,38,1,2,3,1,-2,-2,1,1,True,2,1,1,3,1.0,1,1,1,1
Rex,Rex,17,9098,1,True,300,60,4,1,3,1,1,0,0,1,3,True,1,0,2,2,4.0,6,0,0,0
Rex,Rex,17,9098,1,True,301,61,12,3,2,1,0,-1,-1,0,1,True,1,1,1,2,1.5,2,1,1,1
Rex,Rex,18,9121,1,True,303,1,23,0,2,7,5,-2,-2,5,3,True,3,0,2,10,5.1,10,0,1,1
Rex,Rex,18,9121,1,True,304,2,30,0,1,5,4,-1,-1,4,2,True,1,2,1,9,5.777777777777778,10,1,1,1
Rex,Rex,18,9121,1,True,305,3,0,1,3,4,2,-2,-2,2,1,True,2,1,1,7,5.714285714285714,10,1,1,1
Rex,Rex,18,9121,1,True,306,4,30,1,3,2,2,0,0,2,1,False,0,1,1,4,8.0,10,0,0,0
Rex,Rex,18,9121,1,True,307,5,31,1,3,2,2,0,0,2,3,True,1,0,10,4,8.25,10,0,0,0
Rex,Rex,18,9121,1,True,308,6,28,0,1,2,2,0,0,2,1,False,0,1,1,4,6.25,10,0,0,0
Rex,Rex,18,9121,1,True,309,7,31,3,0,2,1,-1,-1,1,1,True,1,1,1,4,6.0,10,1,1,1
Rex,Rex,18,9121,1,True,310,8,23,2,1,1,1,0,0,1,1,True,1,0,3,2,6.5,10,0,0,0
Rex,Rex,18,9121,1,True,311,9,29,1,2,1,0,-1,-1,0,1,True,1,1,1,2,2.0,3,1,1,1
Rex,Rex,19,9135,1,True,313,1,18,0,1,5,3,-2,-2,3,1,True,2,1,1,8,2.5,10,1,1,1
Rex,Rex,19,9135,1,True,314,2,6,1,2,3,2,-1,-1,2,1,True,1,1,1,5,3.4,10,1,1,1
Rex,Rex,19,9135,1,True,315,3,34,3,1,2,3,1,1,3,3,False,0,0,10,4,5.75,10,0,0,0
Rex,Rex,19,9135,1,True,316,4,21,1,0,3,2,-1,-1,2,2,True,2,0,2,5,2.2,5,0,1,1
Rex,Rex,19,9135,1,True,317,5,1,0,3,2,1,-1,-1,1,1,True,1,1,1,4,1.5,2,1,1,1
Rex,Rex,19,9135,1,True,318,6,32,2,0,1,0,-1,-1,0,1,True,1,1,1,2,1.5,2,1,1,1
Rex,Rex,20,9142,1,True,320,1,1,1,0,4,6,2,1,5,1,False,0,0,10,7,4.857142857142857,10,0,0,0
Rex,Rex,20,9142,1,True,321,2,37,0,1,6,4,-2,-2,4,1,True,2,1,1,8,2.125,10,1,1,1
Rex,Rex,20,9142,1,True,322,3,33,3,1,4,4,0,0,4,1,False,0,1,1,7,3.857142857142857,10,0,0,0
Rex,Rex,20,9142,1,True,323,4,1,0,3,4,4,0,0,4,2,True,1,0,10,7,4.0,10,0,0,0
Rex,Rex,20,9142,1,True,324,5,39,3,2,4,4,0,-1,3,1,True,1,1,1,7,3.5714285714285716,10,1,1,0
Rex,Rex,20,9142,1,True,325,6,26,2,0,4,2,-2,-2,2,1,True,2,1,1,7,3.5714285714285716,10,1,1,1
Rex,Rex,20,9142,1,True,326,7,35,2,1,2,2,0,0,2,1,False,0,1,1,4,3.25,10,0,0,0
Rex,Rex,20,9142,1,True,327,8,5,2,0,2,1,-1,-1,1,2,True,1,2,1,4,3.25,10,1,1,1
Rex,Rex,20,9142,1,True,328,9,1,3,0,1,2,1,1,2,2,False,0,0,10,2,5.5,10,0,0,0
Rex,Rex,20,9142,1,True,329,10,1,0,1,2,2,0,-1,1,1,True,1,1,1,4,1.75,4,1,1,0
Rex,Rex,20,9142,1,True,330,11,39,2,3,2,1,-1,-1,1,2,True,1,2,1,4,2.25,6,1,1,1
Rex,Rex,20,9142,1,True,331,12,1,1,0,1,1,0,0,1,2,True,1,0,2,2,6.0,10,0,0,0
Rex,Rex,20,9142,1,True,332,13,33,1,3,1,1,0,0,1,1,False,0,1,1,2,7.0,10,0,0,0
Rex,Rex,20,9142,1,True,333,14,4,0,3,1,1,0,0,1,2,True,1,0,3,2,6.5,10,0,0,0
Rex,Rex,20,9142,1,True,334,15,3,2,1,1,1,0,0,1,1,False,0,1,1,2,2.0,3,0,0,0
Rex,Rex,20,9142,1,True,335,16,6,3,0,1,0,-1,-1,0,2,True,1,2,1,2,1.5,2,1,1,1
Rex,Rex,21,9149,1,True,337,1,31,1,3,6,4,-2,-2,4,1,True,3,0,10,9,4.0,10,0,1,1
Rex,Rex,21,9149,1,True,338,2,26,0,3,4,4,0,0,4,1,False,0,1,1,7,3.5714285714285716,10,0,0,0
Rex,Rex,21,9149,1,True,339,3,5,2,3,4,3,-1,-1,3,1,True,1,1,1,7,3.5714285714285716,10,1,1,1
Rex,Rex,21,9149,1,True,340,4,18,1,0,3,1,-2,-2,1,1,True,2,1,1,5,4.6,10,1,1,1
Rex,Rex,21,9149,1,True,341,5,24,0,3,1,3,2,0,1,1,False,0,1,1,2,5.5,10,0,0,0
Rex,Rex,21,9149,1,True,342,6,31,3,0,3,3,0,0,3,2,True,2,0,10,3,4.0,10,0,0,0
Rex,Rex,21,9149,1,True,343,7,25,3,0,3,4,1,-1,2,1,True,1,1,1,5,1.6,3,1,1,0
Rex,Rex,21,9149,1,True,344,8,38,0,3,4,3,-1,-1,3,1,True,1,1,1,4,1.25,2,1,1,1
Rex,Rex,21,9149,1,True,345,9,43,0,3,3,1,-2,-2,1,1,True,2,1,1,3,3.0,7,1,1,1
Rex,Rex,21,9149,1,True,346,10,26,3,0,1,1,0,0,1,1,False,0,1,1,2,5.5,10,0,0,0
Rex,Rex,21,9149,1,True,347,11,38,3,0,1,2,1,1,2,3,False,0,0,4,2,5.5,10,0,0,0
Rex,Rex,21,9149,1,True,348,12,31,0,3,2,2,0,0,2,2,True,2,0,6,3,2.6666666666666665,6,0,0,0
Rex,Rex,21,9149,1,True,349,13,24,3,2,2,1,-1,-1,1,1,True,1,1,1,3,3.0,6,1,1,1
Rex,Rex,21,9149,1,True,350,14,43,3,2,1,1,0,0,1,3,True,1,0,2,2,4.0,6,0,0,0
Rex,Rex,21,9149,1,True,351,15,43,2,0,1,1,0,0,1,3,True,1,0,2,2,2.5,3,0,0,0
Rex,Rex,21,9149,1,True,352,16,25,0,2,1,2,1,-1,0,1,True,1,1,1,2,5.5,10,1,1,0
Rex,Rex,21,9149,1,True,353,17,24,2,0,2,1,-1,-1,1,1,True,1,1,1,3,4.0,10,1,1,1
Rex,Rex,21,9149,1,True,354,18,34,2,1,1,1,0,0,1,1,False,0,1,1,2,5.5,10,0,0,0
Rex,Rex,21,9149,1,True,355,19,2,2,1,1,1,0,0,1,2,True,1,0,10,2,5.5,10,0,0,0
Rex,Rex,21,9149,1,True,356,20,29,1,2,1,0,-1,-1,0,1,True,1,1,1,2,5.5,10,1,1,1
Rex,Rex,22,9153,1,True,358,1,42,0,3,8,7,-1,-1,7,1,True,1,1,1,13,2.923076923076923,10,1,1,1
Rex,Rex,22,9153,1,True,359,2,40,0,3,7,6,-1,-1,6,2,True,1,2,1,11,3.090909090909091,10,1,1,1
Rex,Rex,22,9153,1,True,360,3,41,2,1,6,5,-1,-1,5,2,True,2,0,2,9,3.5555555555555554,10,0,1,1
Rex,Rex,22,9153,1,True,361,4,18,1,3,5,4,-1,-1,4,1,True,1,1,1,8,2.625,10,1,1,1
Rex,Rex,22,9153,1,True,362,5,36,0,2,4,3,-1,-1,3,1,True,1,1,1,6,3.0,10,1,1,1
Rex,Rex,22,9153,1,True,363,6,22,3,0,3,0,-3,-3,0,1,True,3,1,1,4,3.5,10,1,1,1
Rex,Rex,23,9155,1,True,365,1,30,2,0,6,4,-2,-2,4,2,True,2,2,1,7,3.142857142857143,10,1,1,1
Rex,Rex,23,9155,1,True,366,2,39,2,3,4,2,-2,-2,2,2,True,2,2,1,5,3.8,10,1,1,1
Rex,Rex,23,9155,1,True,367,3,6,2,0,2,1,-1,-1,1,1,True,1,1,1,4,4.5,10,1,1,1
Rex,Rex,23,9155,1,True,368,4,40,3,2,1,1,0,0,1,1,False,0,1,1,2,7.5,10,0,0,0
Rex,Rex,23,9155,1,True,369,5,17,2,0,1,1,0,0,1,1,True,1,0,4,2,7.0,10,0,0,0
Rex,Rex,23,9155,1,True,370,6,40,2,3,1,1,0,0,1,1,False,0,1,1,2,6.0,10,0,0,0
Rex,Rex,23,9155,1,True,371,7,1,0,2,1,0,-1,-1,0,1,True,1,1,1,2,5.5,10,1,1,1
Rex,Rex,24,9160,1,True,373,1,24,2,1,4,2,-2,-2,2,1,True,2,1,1,7,3.0,10,1,1,1
Rex,Rex,24,9160,1,True,374,2,16,0,3,2,1,-1,-1,1,1,True,1,1,1,4,4.0,10,1,1,1
Rex,Rex,24,9160,1,True,375,3,31,1,2,1,1,0,0,1,1,True,1,0,4,2,7.0,10,0,0,0
Rex,Rex,24,9160,1,True,376,4,21,2,3,1,1,0,0,1,3,True,1,0,2,2,3.0,4,0,0,0
Rex,Rex,24,9160,1,True,377,5,21,3,1,1,1,0,0,1,3,True,1,0,10,2,5.5,10,0,0,0
Rex,Rex,24,9160,1,True,378,6,27,1,2,1,1,0,0,1,3,True,1,0,10,2,6.5,10,0,0,0
Rex,Rex,24,9160,1,True,379,7,32,2,1,1,1,0,0,1,3,True,1,0,6,2,5.0,6,0,0,0
Rex,Rex,24,9160,1,True,380,8,25,1,3,1,1,0,0,1,3,True,1,0,5,2,7.5,10,0,0,0
Rex,Rex,24,9160,1,True,381,9,12,3,2,1,1,0,0,1,3,True,1,0,2,2,2.5,3,0,0,0
Rex,Rex,24,9160,1,True,382,10,12,2,1,1,1,0,0,1,3,True,1,0,2,2,2.0,2,0,0,0
Rex,Rex,24,9160,1,True,383,11,5,1,3,1,0,-1,-1,0,2,True,1,2,1,2,1.5,2,1,1,1
Rex,Rex,25,9169,1,True,385,1,4,1,0,10,9,-1,-1,9,1,True,1,1,1,14,1.2142857142857142,3,1,1,1
Rex,Rex,25,9169,1,True,386,2,28,3,1,9,8,-1,-1,8,1,True,1,1,1,12,1.25,3,1,1,1
Rex,Rex,25,9169,1,True,387,3,10,3,1,8,6,-2,-2,6,2,True,2,2,1,11,1.5454545454545454,3,1,1,1
Rex,Rex,25,9169,1,True,388,4,37,3,1,6,5,-1,-1,5,1,True,1,1,1,9,1.6666666666666667,3,1,1,1
Rex,Rex,25,9169,1,True,389,5,41,2,1,5,4,-1,-1,4,1,True,1,1,1,7,1.7142857142857142,3,1,1,1
Rex,Rex,25,9169,1,True,390,6,39,2,1,4,3,-1,-1,3,1,True,2,0,5,6,2.5,5,0,1,1
Rex,Rex,25,9169,1,True,391,7,41,1,2,3,2,-1,-1,2,1,True,1,1,1,5,3.6,10,1,1,1
Rex,Rex,25,9169,1,True,392,8,35,0,1,2,1,-1,-1,1,1,True,2,0,3,3,4.666666666666667,10,0,1,1
Rex,Rex,25,9169,1,True,393,9,28,1,2,1,1,0,0,1,3,True,1,0,2,2,6.0,10,0,0,0
Rex,Rex,25,9169,1,True,394,10,3,2,3,1,0,-1,-1,0,1,True,1,1,1,2,3.0,5,1,1,1
Rex,Rex,26,9215,1,True,396,1,16,3,1,7,7,0,0,7,2,True,1,0,2,11,2.8181818181818183,10,0,0,0
Rex,Rex,26,9215,1,True,397,2,40,1,0,7,6,-1,-1,6,2,True,1,2,1,11,2.6363636363636362,10,1,1,1
Rex,Rex,26,9215,1,True,398,3,33,0,3,6,5,-1,-1,5,2,True,1,2,1,9,2.7777777777777777,10,1,1,1
Rex,Rex,26,9215,1,True,399,4,22,0,2,5,4,-1,-1,4,1,True,1,1,1,8,3.125,10,1,1,1
Rex,Rex,26,9215,1,True,400,5,37,3,2,4,2,-2,-2,2,2,True,2,2,1,7,3.5714285714285716,10,1,1,1
Rex,Rex,26,9215,1,True,401,6,28,0,2,2,1,-1,-1,1,1,True,1,1,1,4,5.0,10,1,1,1
Rex,Rex,26,9215,1,True,402,7,1,0,3,1,2,1,1,2,2,True,1,0,4,2,7.0,10,0,0,0
Rex,Rex,26,9215,1,True,403,8,20,3,0,2,1,-1,-1,1,1,True,1,1,1,3,1.6666666666666667,3,1,1,1
Rex,Rex,26,9215,1,True,404,9,33,3,2,1,0,-1,-1,0,2,True,1,2,1,2,3.0,5,1,1,1
Rex,Rex,27,9218,1,True,406,1,5,3,0,4,2,-2,-2,2,1,True,2,1,1,7,3.142857142857143,10,1,1,1
Rex,Rex,27,9218,1,True,407,2,6,2,0,2,2,0,0,2,2,True,1,0,10,4,7.75,10,0,0,0
Rex,Rex,27,9218,1,True,408,3,28,0,1,2,1,-1,-1,1,1,True,1,1,1,4,4.0,10,1,1,1
Rex,Rex,27,9218,1,True,409,4,5,0,1,1,1,0,0,1,1,True,1,0,3,2,2.5,3,0,0,0
Rex,Rex,27,9218,1,True,410,5,26,2,0,1,1,0,0,1,1,False,0,1,1,2,2.5,3,0,0,0
Rex,Rex,27,9218,1,True,411,6,35,1,2,1,0,-1,-1,0,1,True,1,1,1,2,2.0,3,1,1,1
Rex,Rex,28,9227,1,True,413,1,14,1,3,9,9,0,-2,7,1,True,2,1,1,13,2.4615384615384617,10,1,1,0
Rex,Rex,28,9227,1,True,414,2,14,3,0,9,7,-2,-2,7,1,True,2,1,1,14,2.4285714285714284,10,1,1,1
Rex,Rex,28,9227,1,True,415,3,2,2,0,7,7,0,0,7,2,True,1,0,3,11,3.5454545454545454,10,0,0,0
Rex,Rex,28,9227,1,True,416,4,19,0,1,7,8,1,1,8,3,True,1,0,10,12,5.083333333333333,10,0,0,0
Rex,Rex,28,9227,1,True,417,5,43,2,1,8,9,1,0,8,1,False,0,1,1,12,3.25,10,0,0,0
Rex,Rex,28,9227,1,True,418,6,43,1,0,9,8,-1,-1,8,2,True,1,2,1,13,3.0,10,1,1,1
Rex,Rex,28,9227,1,True,419,7,15,0,2,8,8,0,0,8,1,False,0,1,1,12,3.1666666666666665,10,0,0,0
Rex,Rex,28,9227,1,True,420,8,44,1,0,8,7,-1,-1,7,1,True,1,1,1,12,3.0833333333333335,10,1,1,1
Rex,Rex,28,9227,1,True,421,9,9,3,2,7,6,-1,-1,6,1,True,1,1,1,11,3.272727272727273,10,1,1,1
Rex,Rex,28,9227,1,True,422,10,1,1,0,6,4,-2,-2,4,1,True,2,1,1,9,3.5555555555555554,10,1,1,1
Rex,Rex,28,9227,1,True,423,11,39,2,1,4,4,0,0,4,1,True,1,0,4,7,2.857142857142857,6,0,0,0
Rex,Rex,28,9227,1,True,424,12,19,1,2,4,4,0,0,4,1,True,1,0,2,7,2.7142857142857144,6,0,0,0
Rex,Rex,28,9227,1,True,425,13,24,2,0,4,3,-1,-1,3,1,True,1,1,1,7,5.285714285714286,10,1,1,1
Rex,Rex,28,9227,1,True,426,14,40,3,1,3,1,-2,-2,1,1,True,2,1,1,5,5.2,10,1,1,1
Rex,Rex,28,9227,1,True,427,15,13,1,3,1,2,1,0,1,1,True,1,0,3,2,6.5,10,0,0,0
Rex,Rex,28,9227,1,True,428,16,13,3,2,2,1,-1,-1,1,2,True,2,0,6,3,2.6666666666666665,6,0,1,1
Rex,Rex,28,9227,1,True,429,17,9,2,3,1,1,0,0,1,1,True,1,0,2,2,4.0,6,0,0,0
Rex,Rex,28,9227,1,True,430,18,8,3,0,1,0,-1,-1,0,1,True,1,1,1,2,5.0,9,1,1,1
Rex,Rex,29,10001,1,True,432,1,31,3,2,4,2,-2,-2,2,2,True,2,2,1,7,3.142857142857143,10,1,1,1
Rex,Rex,29,10001,1,True,433,2,6,1,2,2,1,-1,-1,1,2,True,1,2,1,4,2.5,4,1,1,1
Rex,Rex,29,10001,1,True,434,3,7,2,0,1,1,0,0,1,1,True,1,0,3,2,3.0,3,0,0,0
Rex,Rex,29,10001,1,True,435,4,34,3,1,1,2,1,1,2,3,False,0,0,2,2,6.0,10,0,0,0
Rex,Rex,29,10001,1,True,436,5,26,0,3,2,2,0,0,2,3,True,1,0,2,4,3.5,10,0,0,0
Rex,Rex,29,10001,1,True,437,6,19,1,3,2,2,0,-1,1,1,True,1,1,1,4,3.5,10,1,1,0
Rex,Rex,29,10001,1,True,438,7,26,3,1,2,0,-2,-2,0,1,True,2,1,1,3,4.0,10,1,1,1
Rex,Rex,30,10002,1,True,440,1,2,1,0,7,7,0,0,7,2,True,1,0,3,10,2.5,10,0,0,0
Rex,Rex,30,10002,1,True,441,2,38,0,1,7,6,-1,-1,6,1,True,1,1,1,11,2.4545454545454546,10,1,1,1
Rex,Rex,30,10002,1,True,442,3,26,0,1,6,5,-1,-1,5,1,True,1,1,1,9,3.2222222222222223,10,1,1,1
Rex,Rex,30,10002,1,True,443,4,1,0,1,5,4,-1,-1,4,1,True,1,1,1,8,3.75,10,1,1,1
Rex,Rex,30,10002,1,True,444,5,10,0,3,4,3,-1,-1,3,2,True,2,0,3,7,4.428571428571429,10,0,1,1
Rex,Rex,30,10002,1,True,445,6,13,1,2,3,2,-1,-1,2,1,True,1,1,1,6,4.5,10,1,1,1
Rex,Rex,30,10002,1,True,446,7,31,2,3,2,2,0,-1,1,1,True,1,1,1,4,4.0,10,1,1,0
Rex,Rex,30,10002,1,True,447,8,39,3,1,2,2,0,0,2,3,True,1,0,10,4,4.0,10,0,0,0
Rex,Rex,30,10002,1,True,448,9,18,1,3,2,1,-1,-1,1,1,True,1,1,1,4,4.0,10,1,1,1
Rex,Rex,30,10002,1,True,449,10,6,3,2,1,1,0,0,1,3,True,1,0,2,2,2.5,3,0,0,0
Rex,Rex,30,10002,1,True,450,11,32,2,1,1,0,-1,-1,0,1,True,1,1,1,2,1.5,2,1,1,1
