SessionID,Experiment,Round,Step,Action,ConflictRegions,TimeTaken(s),action_type,region_ui,color_ui,region_zero_based,color_zero_based,started_regions,started_conflicts,attempt_id,attempt_total_step,attempt_recolor_step,conflict_region_count,max_attempt_id,is_final_attempt,participant,round_int,region_zero_based_int,center_dist_norm,prev_center_dist_norm,center_dist_delta_from_prev,moved_outward_from_prev
Rex,experiment2,1,1,Recolored Region 45 to Color 3,11 12 16 35 43,21.1,recolor,45.0,3.0,44.0,2.0,,,1,2,1,5,1,True,Rex,1,44,0.4396339480735708,,,
Rex,experiment2,1,2,Recolored Region 43 to Color 2,11 12 16,5.6,recolor,43.0,2.0,42.0,1.0,,,1,3,2,3,1,True,Rex,1,42,0.8745834811841381,0.4396339480735708,0.4349495331105673,1
Rex,experiment2,1,3,Recolored Region 12 to Color 4,1 12 33 40,3.3,recolor,12.0,4.0,11.0,3.0,,,1,4,3,4,1,True,Rex,1,11,0.1613966246462753,0.8745834811841381,-0.7131868565378627,0
Rex,experiment2,1,4,Recolored Region 12 to Color 3,9 12,21.2,recolor,12.0,3.0,11.0,2.0,,,1,5,4,2,1,True,Rex,1,11,0.1613966246462753,0.1613966246462753,0.0,0
Rex,experiment2,1,5,Recolored Region 9 to Color 2,9 11 39,3.5,recolor,9.0,2.0,8.0,1.0,,,1,6,5,3,1,True,Rex,1,8,0.13997958093865065,0.1613966246462753,-0.02141704370762465,0
Rex,experiment2,1,6,Recolored Region 9 to Color 3,9 12,16.3,recolor,9.0,3.0,8.0,2.0,,,1,7,6,2,1,True,Rex,1,8,0.13997958093865065,0.13997958093865065,0.0,0
Rex,experiment2,1,7,Recolored Region 11 to Color 4,9 10 11 12 40,15.5,recolor,11.0,4.0,10.0,3.0,,,1,8,7,5,1,True,Rex,1,10,0.2770622411610402,0.13997958093865065,0.13708266022238957,1
Rex,experiment2,1,8,Recolored Region 11 to Color 2,9 12,2.8,recolor,11.0,2.0,10.0,1.0,,,1,9,8,2,1,True,Rex,1,10,0.2770622411610402,0.2770622411610402,0.0,0
Rex,experiment2,1,9,Recolored Region 12 to Color 4,1 12 33 40,18.0,recolor,12.0,4.0,11.0,3.0,,,1,10,9,4,1,True,Rex,1,11,0.1613966246462753,0.2770622411610402,-0.11566561651476492,0
Rex,experiment2,1,10,Recolored Region 12 to Color 1,12 27,14.5,recolor,12.0,1.0,11.0,0.0,,,1,11,10,2,1,True,Rex,1,11,0.1613966246462753,0.1613966246462753,0.0,0
Rex,experiment2,1,11,Recolored Region 21 to Color 3,5 8 12 21 27 45,11.1,recolor,21.0,3.0,20.0,2.0,,,1,12,11,6,1,True,Rex,1,20,0.36722577766849696,0.1613966246462753,0.20582915302222166,1
Rex,experiment2,1,12,Recolored Region 21 to Color 4,12 27,5.5,recolor,21.0,4.0,20.0,3.0,,,1,13,12,2,1,True,Rex,1,20,0.36722577766849696,0.36722577766849696,0.0,0
Rex,experiment2,1,13,Recolored Region 27 to Color 3,27 45,4.6,recolor,27.0,3.0,26.0,2.0,,,1,14,13,2,1,True,Rex,1,26,0.20165292067048704,0.36722577766849696,-0.16557285699800992,0
Rex,experiment2,1,14,Recolored Region 45 to Color 4,21 45,3.0,recolor,45.0,4.0,44.0,3.0,,,1,15,14,2,1,True,Rex,1,44,0.4396339480735708,0.20165292067048704,0.23798102740308377,1
Rex,experiment2,1,15,Recolored Region 21 to Color 1,14 21,5.5,recolor,21.0,1.0,20.0,0.0,,,1,16,15,2,1,True,Rex,1,20,0.36722577766849696,0.4396339480735708,-0.07240817040507386,0
Rex,experiment2,1,16,Recolored Region 21 to Color 4,21 45,3.5,recolor,21.0,4.0,20.0,3.0,,,1,17,16,2,1,True,Rex,1,20,0.36722577766849696,0.36722577766849696,0.0,0
Rex,experiment2,1,17,Recolored Region 21 to Color 1,14 21,2.0,recolor,21.0,1.0,20.0,0.0,,,1,18,17,2,1,True,Rex,1,20,0.36722577766849696,0.36722577766849696,0.0,0
Rex,experiment2,1,18,Recolored Region 14 to Color 2,14 36,4.2,recolor,14.0,2.0,13.0,1.0,,,1,19,18,2,1,True,Rex,1,13,0.6136754112504785,0.36722577766849696,0.24644963358198158,1
Rex,experiment2,1,19,Recolored Region 14 to Color 4,14 26,7.6,recolor,14.0,4.0,13.0,3.0,,,1,20,19,2,1,True,Rex,1,13,0.6136754112504785,0.6136754112504785,0.0,0
Rex,experiment2,1,20,Recolored Region 26 to Color 2,26 36 43,6.2,recolor,26.0,2.0,25.0,1.0,,,1,21,20,3,1,True,Rex,1,25,0.8454172286252697,0.6136754112504785,0.23174181737479116,1
Rex,experiment2,1,21,Recolored Region 43 to Color 4,26 36,3.7,recolor,43.0,4.0,42.0,3.0,,,1,22,21,2,1,True,Rex,1,42,0.8745834811841381,0.8454172286252697,0.0291662525588684,1
Rex,experiment2,1,22,Recolored Region 36 to Color 1,36 41,11.4,recolor,36.0,1.0,35.0,0.0,,,1,23,22,2,1,True,Rex,1,35,0.6195300052345263,0.8745834811841381,-0.2550534759496118,0
Rex,experiment2,1,23,Recolored Region 41 to Color 4,,4.0,recolor,41.0,4.0,40.0,3.0,,,1,24,23,0,1,True,Rex,1,40,0.8071259394652586,0.6195300052345263,0.1875959342307323,1
Rex,experiment2,2,25,Recolored Region 27 to Color 2,6 11 16 23 39,6.3,recolor,27.0,2.0,26.0,1.0,,,1,2,1,5,1,True,Rex,2,26,0.8472557604710943,,,
Rex,experiment2,2,26,Recolored Region 6 to Color 4,6 11 23 31,6.8,recolor,6.0,4.0,5.0,3.0,,,1,3,2,4,1,True,Rex,2,5,0.3573634305361351,0.8472557604710943,-0.4898923299349592,0
Rex,experiment2,2,27,Recolored Region 39 to Color 4,6 11 23 28 31 39,2.2,recolor,39.0,4.0,38.0,3.0,,,1,4,3,6,1,True,Rex,2,38,0.1915215338423103,0.3573634305361351,-0.16584189669382482,0
Rex,experiment2,2,28,Recolored Region 31 to Color 3,6 11 23 28 39,7.9,recolor,31.0,3.0,30.0,2.0,,,1,5,4,5,1,True,Rex,2,30,0.5803249386897295,0.1915215338423103,0.38880340484741915,1
Rex,experiment2,2,29,Recolored Region 39 to Color 3,11 23,2.4,recolor,39.0,3.0,38.0,2.0,,,1,6,5,2,1,True,Rex,2,38,0.1915215338423103,0.5803249386897295,-0.38880340484741915,0
Rex,experiment2,2,30,Recolored Region 23 to Color 4,,3.9,recolor,23.0,4.0,22.0,3.0,,,1,7,6,0,1,True,Rex,2,22,0.44744549263532424,0.1915215338423103,0.25592395879301394,1
Rex,experiment2,3,32,Recolored Region 44 to Color 4,12 14 25 43,6.6,recolor,44.0,4.0,43.0,3.0,,,1,2,1,4,1,True,Rex,3,43,0.3249286193201461,,,
Rex,experiment2,3,33,Recolored Region 14 to Color 3,25 43,5.0,recolor,14.0,3.0,13.0,2.0,,,1,3,2,2,1,True,Rex,3,13,0.8393588826274504,0.3249286193201461,0.5144302633073043,1
Rex,experiment2,3,34,Recolored Region 43 to Color 2,12 43,13.8,recolor,43.0,2.0,42.0,1.0,,,1,4,3,2,1,True,Rex,3,42,0.6352377279053542,0.8393588826274504,-0.20412115472209624,0
Rex,experiment2,3,35,Recolored Region 12 to Color 1,10 12,5.9,recolor,12.0,1.0,11.0,0.0,,,1,5,4,2,1,True,Rex,3,11,0.8082675608837383,0.6352377279053542,0.17302983297838415,1
Rex,experiment2,3,36,Recolored Region 10 to Color 2,5 10,12.1,recolor,10.0,2.0,9.0,1.0,,,1,6,5,2,1,True,Rex,3,9,0.7759644276590019,0.8082675608837383,-0.032303133224736436,0
Rex,experiment2,3,37,Recolored Region 5 to Color 3,,6.8,recolor,5.0,3.0,4.0,2.0,,,1,7,6,0,1,True,Rex,3,4,0.6127957834378188,0.7759644276590019,-0.16316864422118305,0
Rex,experiment2,4,39,Recolored Region 39 to Color 2,8 9 10 22 23 37 39 42 43,7.8,recolor,39.0,2.0,38.0,1.0,,,1,2,1,9,1,True,Rex,4,38,0.3618904948882416,,,
Rex,experiment2,4,40,Recolored Region 22 to Color 3,8 9 10 23 37 42 43,4.8,recolor,22.0,3.0,21.0,2.0,,,1,3,2,7,1,True,Rex,4,21,0.6347436030610831,0.3618904948882416,0.27285310817284153,1
Rex,experiment2,4,41,Recolored Region 37 to Color 3,8 9 10 23 43,3.8,recolor,37.0,3.0,36.0,2.0,,,1,4,3,5,1,True,Rex,4,36,0.5070457924927958,0.6347436030610831,-0.12769781056828733,0
Rex,experiment2,4,42,Recolored Region 8 to Color 2,8 9 10 18 23 29 43,10.6,recolor,8.0,2.0,7.0,1.0,,,1,5,4,7,1,True,Rex,4,7,0.36722577766849696,0.5070457924927958,-0.13982001482429884,0
Rex,experiment2,4,43,Recolored Region 29 to Color 3,8 9 10 18 23 29 31 43,1.7,recolor,29.0,3.0,28.0,2.0,,,1,6,5,8,1,True,Rex,4,28,0.5193356752317952,0.36722577766849696,0.1521098975632983,1
Rex,experiment2,4,44,Recolored Region 18 to Color 3,9 10 13 18 23 29 31 40 43,0.7,recolor,18.0,3.0,17.0,2.0,,,1,7,6,9,1,True,Rex,4,17,0.3952097783652714,0.5193356752317952,-0.12412589686652387,0
Rex,experiment2,4,45,Recolored Region 18 to Color 2,8 9 10 18 23 29 31 43,5.4,recolor,18.0,2.0,17.0,1.0,,,1,8,7,8,1,True,Rex,4,17,0.3952097783652714,0.3952097783652714,0.0,0
Rex,experiment2,4,46,Recolored Region 8 to Color 1,8 9 10 23 29 31 43,4.7,recolor,8.0,1.0,7.0,0.0,,,1,9,8,7,1,True,Rex,4,7,0.36722577766849696,0.3952097783652714,-0.027984000696774425,0
Rex,experiment2,4,47,Recolored Region 9 to Color 2,9 29 31 35,4.9,recolor,9.0,2.0,8.0,1.0,,,1,10,9,4,1,True,Rex,4,8,0.6952715222318228,0.36722577766849696,0.3280457445633258,1
Rex,experiment2,4,48,Recolored Region 31 to Color 2,9 35,5.2,recolor,31.0,2.0,30.0,1.0,,,1,11,10,2,1,True,Rex,4,30,0.5860684741046278,0.6952715222318228,-0.10920304812719495,0
Rex,experiment2,4,49,Recolored Region 35 to Color 4,,3.4,recolor,35.0,4.0,34.0,3.0,,,1,12,11,0,1,True,Rex,4,34,0.8071259394652586,0.5860684741046278,0.22105746536063076,1
Rex,experiment2,5,51,Recolored Region 17 to Color 4,14 16 17 22 29 37,2.5,recolor,17.0,4.0,16.0,3.0,,,1,2,1,6,1,True,Rex,5,16,0.7895176577716747,,,
Rex,experiment2,5,52,Recolored Region 17 to Color 3,14 22 29 37,2.5,recolor,17.0,3.0,16.0,2.0,,,1,3,2,4,1,True,Rex,5,16,0.7895176577716747,0.7895176577716747,0.0,0
Rex,experiment2,5,53,Recolored Region 29 to Color 4,14 37,4.1,recolor,29.0,4.0,28.0,3.0,,,1,4,3,2,1,True,Rex,5,28,0.4074004218633553,0.7895176577716747,-0.3821172359083194,0
Rex,experiment2,5,54,Recolored Region 14 to Color 4,1 14,8.6,recolor,14.0,4.0,13.0,3.0,,,1,5,4,2,1,True,Rex,5,13,0.7767067644093278,0.4074004218633553,0.36930634254597255,1
Rex,experiment2,5,55,Recolored Region 1 to Color 2,,3.3,recolor,1.0,2.0,0.0,1.0,,,1,6,5,0,1,True,Rex,5,0,0.7201890023945967,0.7767067644093278,-0.05651776201473113,0
Rex,experiment2,6,57,Recolored Region 27 to Color 4,6 20 30 32 34 36 37,2.9,recolor,27.0,4.0,26.0,3.0,,,1,2,1,7,1,True,Rex,6,26,0.5193356752317952,,,
Rex,experiment2,6,58,Recolored Region 6 to Color 3,2 6 32 34 36 41,3.1,recolor,6.0,3.0,5.0,2.0,,,1,3,2,6,1,True,Rex,6,5,0.312469830874991,0.5193356752317952,-0.20686584435680427,0
Rex,experiment2,6,59,Recolored Region 2 to Color 1,6 32 34 36 41,6.2,recolor,2.0,1.0,1.0,0.0,,,1,4,3,5,1,True,Rex,6,1,0.5984285175855729,0.312469830874991,0.28595868671058194,1
Rex,experiment2,6,60,Recolored Region 41 to Color 2,32 34 36 37 41,5.8,recolor,41.0,2.0,40.0,1.0,,,1,5,4,5,1,True,Rex,6,40,0.4371789254078128,0.5984285175855729,-0.16124959217776014,0
Rex,experiment2,6,61,Recolored Region 37 to Color 4,32 34 36,3.9,recolor,37.0,4.0,36.0,3.0,,,1,6,5,3,1,True,Rex,6,36,0.17289434608243873,0.4371789254078128,-0.2642845793253741,0
Rex,experiment2,6,62,Recolored Region 34 to Color 2,,4.1,recolor,34.0,2.0,33.0,1.0,,,1,7,6,0,1,True,Rex,6,33,0.6512818187635391,0.17289434608243873,0.4783874726811004,1
Rex,experiment2,7,64,Recolored Region 18 to Color 3,18 21 22 24 31 44,2.8,recolor,18.0,3.0,17.0,2.0,,,1,2,1,6,1,True,Rex,7,17,0.5394018509853976,,,
Rex,experiment2,7,65,Recolored Region 44 to Color 1,18 21 24 31,7.2,recolor,44.0,1.0,43.0,0.0,,,1,3,2,4,1,True,Rex,7,43,0.3891687065498411,0.5394018509853976,-0.15023314443555652,0
Rex,experiment2,7,66,Recolored Region 31 to Color 4,15 21 24 31,6.9,recolor,31.0,4.0,30.0,3.0,,,1,4,3,4,1,True,Rex,7,30,0.6298623676016792,0.3891687065498411,0.24069366105183815,1
Rex,experiment2,7,67,Recolored Region 15 to Color 3,21 24,1.3,recolor,15.0,3.0,14.0,2.0,,,1,5,4,2,1,True,Rex,7,14,0.8294376438161298,0.6298623676016792,0.1995752762144506,1
Rex,experiment2,7,68,Recolored Region 21 to Color 2,,4.7,recolor,21.0,2.0,20.0,1.0,,,1,6,5,0,1,True,Rex,7,20,0.15277515819875823,0.8294376438161298,-0.6766624856173716,0
Rex,experiment2,8,70,Recolored Region 33 to Color 3,10 12 18 19 32 33 34,2.2,recolor,33.0,3.0,32.0,2.0,,,1,2,1,7,1,True,Rex,8,32,0.3189713758148396,,,
Rex,experiment2,8,71,Recolored Region 18 to Color 3,10 12 19 33,7.0,recolor,18.0,3.0,17.0,2.0,,,1,3,2,4,1,True,Rex,8,17,0.4297060657060408,0.3189713758148396,0.11073468989120122,1
Rex,experiment2,8,72,Recolored Region 10 to Color 2,12 33,3.0,recolor,10.0,2.0,9.0,1.0,,,1,4,3,2,1,True,Rex,8,9,0.7414799600261169,0.4297060657060408,0.31177389432007613,1
Rex,experiment2,8,73,Recolored Region 12 to Color 1,8 12 21,4.9,recolor,12.0,1.0,11.0,0.0,,,1,5,4,3,1,True,Rex,8,11,0.13175599019329787,0.7414799600261169,-0.6097239698328191,0
Rex,experiment2,8,74,Recolored Region 12 to Color 2,12 16 36,3.2,recolor,12.0,2.0,11.0,1.0,,,1,6,5,3,1,True,Rex,8,11,0.13175599019329787,0.13175599019329787,0.0,0
Rex,experiment2,8,75,Recolored Region 12 to Color 3,12 33,10.3,recolor,12.0,3.0,11.0,2.0,,,1,7,6,2,1,True,Rex,8,11,0.13175599019329787,0.13175599019329787,0.0,0
Rex,experiment2,8,76,Recolored Region 33 to Color 2,33 36,14.8,recolor,33.0,2.0,32.0,1.0,,,1,8,7,2,1,True,Rex,8,32,0.3189713758148396,0.13175599019329787,0.18721538562154172,1
Rex,experiment2,8,77,Recolored Region 36 to Color 1,34 36,4.9,recolor,36.0,1.0,35.0,0.0,,,1,9,8,2,1,True,Rex,8,35,0.27298868397199816,0.3189713758148396,-0.04598269184284143,0
Rex,experiment2,8,78,Recolored Region 36 to Color 4,6 36,12.2,recolor,36.0,4.0,35.0,3.0,,,1,10,9,2,1,True,Rex,8,35,0.27298868397199816,0.27298868397199816,0.0,0
Rex,experiment2,8,79,Recolored Region 6 to Color 3,6 12 18,4.3,recolor,6.0,3.0,5.0,2.0,,,1,11,10,3,1,True,Rex,8,5,0.18780231506445405,0.27298868397199816,-0.08518636890754411,0
Rex,experiment2,8,80,Recolored Region 18 to Color 2,6 12 18 27,3.1,recolor,18.0,2.0,17.0,1.0,,,1,12,11,4,1,True,Rex,8,17,0.4297060657060408,0.18780231506445405,0.24190375064158676,1
Rex,experiment2,8,81,Recolored Region 27 to Color 4,6 12 19 27,4.2,recolor,27.0,4.0,26.0,3.0,,,1,13,12,4,1,True,Rex,8,26,0.5193356752317952,0.4297060657060408,0.08962960952575444,1
Rex,experiment2,8,82,Recolored Region 19 to Color 1,6 12 19 42,5.0,recolor,19.0,1.0,18.0,0.0,,,1,14,13,4,1,True,Rex,8,18,0.6725192619370456,0.5193356752317952,0.15318358670525034,1
Rex,experiment2,8,83,Recolored Region 42 to Color 3,6 12 23 42,8.2,recolor,42.0,3.0,41.0,2.0,,,1,15,14,4,1,True,Rex,8,41,0.6473693975849187,0.6725192619370456,-0.02514986435212685,0
Rex,experiment2,8,84,Recolored Region 23 to Color 2,6 10 12 23,3.4,recolor,23.0,2.0,22.0,1.0,,,1,16,15,4,1,True,Rex,8,22,0.583308634134282,0.6473693975849187,-0.06406076345063672,0
Rex,experiment2,8,85,Recolored Region 10 to Color 4,6 12,2.5,recolor,10.0,4.0,9.0,3.0,,,1,17,16,2,1,True,Rex,8,9,0.7414799600261169,0.583308634134282,0.1581713258918349,1
Rex,experiment2,8,86,Recolored Region 6 to Color 4,6 36,3.9,recolor,6.0,4.0,5.0,3.0,,,1,18,17,2,1,True,Rex,8,5,0.18780231506445405,0.7414799600261169,-0.5536776449616629,0
Rex,experiment2,8,87,Recolored Region 36 to Color 1,34 36,3.3,recolor,36.0,1.0,35.0,0.0,,,1,19,18,2,1,True,Rex,8,35,0.27298868397199816,0.18780231506445405,0.08518636890754411,1
Rex,experiment2,8,88,Recolored Region 34 to Color 3,26 34,3.5,recolor,34.0,3.0,33.0,2.0,,,1,20,19,2,1,True,Rex,8,33,0.5257872974480045,0.27298868397199816,0.2527986134760063,1
Rex,experiment2,8,89,Recolored Region 26 to Color 4,25 26,5.0,recolor,26.0,4.0,25.0,3.0,,,1,21,20,2,1,True,Rex,8,25,0.6744446001505232,0.5257872974480045,0.14865730270251876,1
Rex,experiment2,8,90,Recolored Region 15 to Color 3,25 26,3.3,recolor,15.0,3.0,14.0,2.0,,,1,22,21,2,1,True,Rex,8,14,0.8311867234831207,0.6744446001505232,0.15674212333259752,1
Rex,experiment2,8,91,Recolored Region 25 to Color 2,2 25,4.5,recolor,25.0,2.0,24.0,1.0,,,1,23,22,2,1,True,Rex,8,24,0.7406400730735028,0.8311867234831207,-0.09054665040961796,0
Rex,experiment2,8,92,Recolored Region 2 to Color 3,,2.5,recolor,2.0,3.0,1.0,2.0,,,1,24,23,0,1,True,Rex,8,1,0.8647067955808208,0.7406400730735028,0.12406672250731798,1
Rex,experiment2,9,94,Recolored Region 15 to Color 3,9 11 15 24 29 32 42,1.4,recolor,15.0,3.0,14.0,2.0,,,1,2,1,7,1,True,Rex,9,14,0.4677225754238169,,,
Rex,experiment2,9,95,Recolored Region 24 to Color 4,11 15 32 42,9.8,recolor,24.0,4.0,23.0,3.0,,,1,3,2,4,1,True,Rex,9,23,0.478604825914451,0.4677225754238169,0.010882250490634127,1
Rex,experiment2,9,96,Recolored Region 11 to Color 4,15 32,3.7,recolor,11.0,4.0,10.0,3.0,,,1,4,3,2,1,True,Rex,9,10,0.9075524515322283,0.478604825914451,0.4289476256177773,1
Rex,experiment2,9,97,Recolored Region 2 to Color 3,2 15 32 36,11.0,recolor,2.0,3.0,1.0,2.0,,,1,5,4,4,1,True,Rex,9,1,0.26749877231799307,0.9075524515322283,-0.6400536792142353,0
Rex,experiment2,9,98,Recolored Region 2 to Color 1,15 32,2.8,recolor,2.0,1.0,1.0,0.0,,,1,6,5,2,1,True,Rex,9,1,0.26749877231799307,0.26749877231799307,0.0,0
Rex,experiment2,9,99,Recolored Region 2 to Color 4,2 15 18 32,2.6,recolor,2.0,4.0,1.0,3.0,,,1,7,6,4,1,True,Rex,9,1,0.26749877231799307,0.26749877231799307,0.0,0
Rex,experiment2,9,100,Recolored Region 2 to Color 1,15 32,4.5,recolor,2.0,1.0,1.0,0.0,,,1,8,7,2,1,True,Rex,9,1,0.26749877231799307,0.26749877231799307,0.0,0
Rex,experiment2,9,101,Recolored Region 32 to Color 2,7 32,11.4,recolor,32.0,2.0,31.0,1.0,,,1,9,8,2,1,True,Rex,9,31,0.5092505273291941,0.26749877231799307,0.241751755011201,1
Rex,experiment2,9,102,Recolored Region 7 to Color 4,,5.8,recolor,7.0,4.0,6.0,3.0,,,1,10,9,0,1,True,Rex,9,6,0.26749877231799307,0.5092505273291941,-0.241751755011201,0
Rex,experiment2,10,104,Recolored Region 44 to Color 2,11 15 22 27 33 40 44,3.7,recolor,44.0,2.0,43.0,1.0,,,1,2,1,7,1,True,Rex,10,43,0.8931860686358596,,,
Rex,experiment2,10,105,Recolored Region 33 to Color 4,11 15 22 27 40 44,2.6,recolor,33.0,4.0,32.0,3.0,,,1,3,2,6,1,True,Rex,10,32,0.8124102248519423,0.8931860686358596,-0.08077584378391733,0
Rex,experiment2,10,106,Recolored Region 44 to Color 3,15 21 22 27 40 44,7.4,recolor,44.0,3.0,43.0,2.0,,,1,4,3,6,1,True,Rex,10,43,0.8931860686358596,0.8124102248519423,0.08077584378391733,1
Rex,experiment2,10,107,Recolored Region 40 to Color 1,15 21 27 44,7.9,recolor,40.0,1.0,39.0,0.0,,,1,5,4,4,1,True,Rex,10,39,0.20370021093167764,0.8931860686358596,-0.6894858577041819,0
Rex,experiment2,10,108,Recolored Region 21 to Color 1,15 21 27,2.7,recolor,21.0,1.0,20.0,0.0,,,1,6,5,3,1,True,Rex,10,20,0.7293491670447562,0.20370021093167764,0.5256489561130785,1
Rex,experiment2,10,109,Recolored Region 44 to Color 1,15 21 27 44,0.5,recolor,44.0,1.0,43.0,0.0,,,1,7,6,4,1,True,Rex,10,43,0.8931860686358596,0.7293491670447562,0.16383690159110342,1
Rex,experiment2,10,110,Recolored Region 15 to Color 2,15 21 27 35 44,6.9,recolor,15.0,2.0,14.0,1.0,,,1,8,7,5,1,True,Rex,10,14,0.3931466842702569,0.8931860686358596,-0.5000393843656027,0
Rex,experiment2,10,111,Recolored Region 15 to Color 1,15 21 27 44,5.7,recolor,15.0,1.0,14.0,0.0,,,1,9,8,4,1,True,Rex,10,14,0.3931466842702569,0.3931466842702569,0.0,0
Rex,experiment2,10,112,Recolored Region 27 to Color 2,21 27 36 44,1.9,recolor,27.0,2.0,26.0,1.0,,,1,10,9,4,1,True,Rex,10,26,0.5761512019156774,0.3931466842702569,0.18300451764542047,1
Rex,experiment2,10,113,Recolored Region 33 to Color 3,21 27 36 44,9.4,recolor,33.0,3.0,32.0,2.0,,,1,11,10,4,1,True,Rex,10,32,0.8124102248519423,0.5761512019156774,0.23625902293626488,1
Rex,experiment2,10,114,Recolored Region 27 to Color 4,18 21 27 44,1.7,recolor,27.0,4.0,26.0,3.0,,,1,12,11,4,1,True,Rex,10,26,0.5761512019156774,0.8124102248519423,-0.23625902293626488,0
Rex,experiment2,10,115,Recolored Region 36 to Color 4,18 21 27 36 44,1.5,recolor,36.0,4.0,35.0,3.0,,,1,13,12,5,1,True,Rex,10,35,0.5984285175855729,0.5761512019156774,0.022277315669895548,1
Rex,experiment2,10,116,Recolored Region 27 to Color 2,21 44,3.1,recolor,27.0,2.0,26.0,1.0,,,1,14,13,2,1,True,Rex,10,26,0.5761512019156774,0.5984285175855729,-0.022277315669895548,0
Rex,experiment2,10,117,Recolored Region 44 to Color 4,,4.2,recolor,44.0,4.0,43.0,3.0,,,1,15,14,0,1,True,Rex,10,43,0.8931860686358596,0.5761512019156774,0.3170348667201822,1
Rex,experiment2,11,119,Recolored Region 35 to Color 3,1 9 12 14 32 34 38 41,4.3,recolor,35.0,3.0,34.0,2.0,,,1,2,1,8,1,True,Rex,11,34,0.5624855922543935,,,
Rex,experiment2,11,120,Recolored Region 14 to Color 3,1 9 12 14 31 32 34 41,3.7,recolor,14.0,3.0,13.0,2.0,,,1,3,2,8,1,True,Rex,11,13,0.6655731003182295,0.5624855922543935,0.10308750806383593,1
Rex,experiment2,11,121,Recolored Region 31 to Color 1,1 9 12 32 34 41,5.0,recolor,31.0,1.0,30.0,0.0,,,1,4,3,6,1,True,Rex,11,30,0.8285478083513562,0.6655731003182295,0.16297470803312675,1
Rex,experiment2,11,122,Recolored Region 12 to Color 4,9 34,2.5,recolor,12.0,4.0,11.0,3.0,,,1,5,4,2,1,True,Rex,11,11,0.4825803740594782,0.8285478083513562,-0.34596743429187804,0
Rex,experiment2,11,123,Recolored Region 9 to Color 2,3 9,5.8,recolor,9.0,2.0,8.0,1.0,,,1,6,5,2,1,True,Rex,11,8,0.10185010546583882,0.4825803740594782,-0.38073026859363934,0
Rex,experiment2,11,124,Recolored Region 3 to Color 1,3 8 23 25 40,4.0,recolor,3.0,1.0,2.0,0.0,,,1,7,6,5,1,True,Rex,11,2,0.358887263280463,0.10185010546583882,0.25703715781462416,1
Rex,experiment2,11,125,Recolored Region 3 to Color 2,3 9,2.2,recolor,3.0,2.0,2.0,1.0,,,1,8,7,2,1,True,Rex,11,2,0.358887263280463,0.358887263280463,0.0,0
Rex,experiment2,11,126,Recolored Region 9 to Color 4,9 34,2.3,recolor,9.0,4.0,8.0,3.0,,,1,9,8,2,1,True,Rex,11,8,0.10185010546583882,0.358887263280463,-0.25703715781462416,0
Rex,experiment2,11,127,Recolored Region 9 to Color 2,3 9,2.6,recolor,9.0,2.0,8.0,1.0,,,1,10,9,2,1,True,Rex,11,8,0.10185010546583882,0.10185010546583882,0.0,0
Rex,experiment2,11,128,Recolored Region 3 to Color 4,3 27,1.4,recolor,3.0,4.0,2.0,3.0,,,1,11,10,2,1,True,Rex,11,2,0.358887263280463,0.10185010546583882,0.25703715781462416,1
Rex,experiment2,11,129,Recolored Region 27 to Color 2,,2.5,recolor,27.0,2.0,26.0,1.0,,,1,12,11,0,1,True,Rex,11,26,0.4745724338059875,0.358887263280463,0.11568517052552452,1
Rex,experiment2,12,131,Recolored Region 45 to Color 2,4 6 7 14 21 26 27 37 41,20.4,recolor,45.0,2.0,44.0,1.0,,,1,2,1,9,1,True,Rex,12,44,0.8593823274505874,,,
Rex,experiment2,12,132,Recolored Region 37 to Color 3,4 6 7 14 21 27 41,6.0,recolor,37.0,3.0,36.0,2.0,,,1,3,2,7,1,True,Rex,12,36,0.4553052872132228,0.8593823274505874,-0.4040770402373646,0
Rex,experiment2,12,133,Recolored Region 27 to Color 1,4 6 7 14 21 41,5.2,recolor,27.0,1.0,26.0,0.0,,,1,4,3,6,1,True,Rex,12,26,0.4645079491836192,0.4553052872132228,0.00920266197039643,1
Rex,experiment2,12,134,Recolored Region 7 to Color 1,4 7 14 21 41,5.5,recolor,7.0,1.0,6.0,0.0,,,1,5,4,5,1,True,Rex,12,6,0.2420520845154143,0.4645079491836192,-0.2224558646682049,0
Rex,experiment2,12,135,Recolored Region 8 to Color 3,4 7 8 14 21 34 41,10.3,recolor,8.0,3.0,7.0,2.0,,,1,6,5,7,1,True,Rex,12,7,0.2770622411610402,0.2420520845154143,0.03501015664562593,1
Rex,experiment2,12,136,Recolored Region 8 to Color 1,4 7 8 14 21 41,2.4,recolor,8.0,1.0,7.0,0.0,,,1,7,6,6,1,True,Rex,12,7,0.2770622411610402,0.2770622411610402,0.0,0
Rex,experiment2,12,137,Recolored Region 21 to Color 4,4 7 8 14 41,1.7,recolor,21.0,4.0,20.0,3.0,,,1,8,7,5,1,True,Rex,12,20,0.45775929096494616,0.2770622411610402,0.18069704980390594,1
Rex,experiment2,12,138,Recolored Region 4 to Color 2,7 8 14 41,3.7,recolor,4.0,2.0,3.0,1.0,,,1,9,8,4,1,True,Rex,12,3,0.2770622411610402,0.45775929096494616,-0.18069704980390594,0
Rex,experiment2,12,139,Recolored Region 41 to Color 3,7 8 14 20 41,14.7,recolor,41.0,3.0,40.0,2.0,,,1,10,9,5,1,True,Rex,12,40,0.2969415327281133,0.2770622411610402,0.019879291567073076,1
Rex,experiment2,12,140,Recolored Region 7 to Color 3,7 8 14 20 37 41,2.4,recolor,7.0,3.0,6.0,2.0,,,1,11,10,6,1,True,Rex,12,6,0.2420520845154143,0.2969415327281133,-0.054889448212699005,0
Rex,experiment2,12,141,Recolored Region 20 to Color 1,7 8 14 37,16.3,recolor,20.0,1.0,19.0,0.0,,,1,12,11,4,1,True,Rex,12,19,0.3362596309685228,0.2420520845154143,0.0942075464531085,1
Rex,experiment2,12,142,Recolored Region 8 to Color 4,7 8 21 37,15.3,recolor,8.0,4.0,7.0,3.0,,,1,13,12,4,1,True,Rex,12,7,0.2770622411610402,0.3362596309685228,-0.05919738980748257,0
Rex,experiment2,12,143,Recolored Region 21 to Color 1,7 37,1.6,recolor,21.0,1.0,20.0,0.0,,,1,14,13,2,1,True,Rex,12,20,0.45775929096494616,0.2770622411610402,0.18069704980390594,1
Rex,experiment2,12,144,Recolored Region 45 to Color 4,6 7 37 45,8.7,recolor,45.0,4.0,44.0,3.0,,,1,15,14,4,1,True,Rex,12,44,0.8593823274505874,0.45775929096494616,0.40162303648564124,1
Rex,experiment2,12,145,Recolored Region 6 to Color 2,6 7 11 37,1.6,recolor,6.0,2.0,5.0,1.0,,,1,16,15,4,1,True,Rex,12,5,0.5638670571076895,0.8593823274505874,-0.29551527034289793,0
Rex,experiment2,12,146,Recolored Region 11 to Color 4,7 37,2.4,recolor,11.0,4.0,10.0,3.0,,,1,17,16,2,1,True,Rex,12,10,0.33711547259449465,0.5638670571076895,-0.22675158451319483,0
Rex,experiment2,12,147,Recolored Region 7 to Color 1,7 14,6.2,recolor,7.0,1.0,6.0,0.0,,,1,18,17,2,1,True,Rex,12,6,0.2420520845154143,0.33711547259449465,-0.09506338807908035,0
Rex,experiment2,12,148,Recolored Region 7 to Color 3,7 37,2.2,recolor,7.0,3.0,6.0,2.0,,,1,19,18,2,1,True,Rex,12,6,0.2420520845154143,0.2420520845154143,0.0,0
Rex,experiment2,12,149,Recolored Region 37 to Color 1,26 37,4.2,recolor,37.0,1.0,36.0,0.0,,,1,20,19,2,1,True,Rex,12,36,0.4553052872132228,0.2420520845154143,0.21325320269780848,1
Rex,experiment2,12,150,Recolored Region 26 to Color 4,2 26 45,6.3,recolor,26.0,4.0,25.0,3.0,,,1,21,20,3,1,True,Rex,12,25,0.6026609390601648,0.4553052872132228,0.14735565184694205,1
Rex,experiment2,12,151,Recolored Region 26 to Color 2,6 26,2.5,recolor,26.0,2.0,25.0,1.0,,,1,22,21,2,1,True,Rex,12,25,0.6026609390601648,0.6026609390601648,0.0,0
Rex,experiment2,12,152,Recolored Region 26 to Color 3,15 26,10.6,recolor,26.0,3.0,25.0,2.0,,,1,23,22,2,1,True,Rex,12,25,0.6026609390601648,0.6026609390601648,0.0,0
Rex,experiment2,12,153,Recolored Region 15 to Color 1,,3.2,recolor,15.0,1.0,14.0,0.0,,,1,24,23,0,1,True,Rex,12,14,0.7843524329644798,0.6026609390601648,0.18169149390431494,1
Rex,experiment2,13,155,Recolored Region 5 to Color 3,2 11 14 22 24 32 35 37 40,6.4,recolor,5.0,3.0,4.0,2.0,,,1,2,1,9,1,True,Rex,13,4,0.6759655764762824,,,
Rex,experiment2,13,156,Recolored Region 37 to Color 4,2 11 14 24 32 35,4.6,recolor,37.0,4.0,36.0,3.0,,,1,3,2,6,1,True,Rex,13,36,0.3759113714051263,0.6759655764762824,-0.3000542050711561,0
Rex,experiment2,13,157,Recolored Region 42 to Color 2,2 11 14 24 32 35 42,11.6,recolor,42.0,2.0,41.0,1.0,,,1,4,3,7,1,True,Rex,13,41,0.8702076825611124,0.3759113714051263,0.49429631115598605,1
Rex,experiment2,13,158,Recolored Region 10 to Color 2,2 10 11 14 24 32 35 42,6.0,recolor,10.0,2.0,9.0,1.0,,,1,5,4,8,1,True,Rex,13,9,0.9069807648918566,0.8702076825611124,0.03677308233074428,1
Rex,experiment2,13,159,Recolored Region 32 to Color 1,2 11 14 24 35,4.7,recolor,32.0,1.0,31.0,0.0,,,1,6,5,5,1,True,Rex,13,31,0.7414799600261169,0.9069807648918566,-0.1655008048657397,0
Rex,experiment2,13,160,Recolored Region 2 to Color 1,11 14 35,4.6,recolor,2.0,1.0,1.0,0.0,,,1,7,6,3,1,True,Rex,13,1,0.5619730768019529,0.7414799600261169,-0.17950688322416408,0
Rex,experiment2,13,161,Recolored Region 11 to Color 3,5 11 14 35,19.0,recolor,11.0,3.0,10.0,2.0,,,1,8,7,4,1,True,Rex,13,10,0.5316731595141115,0.5619730768019529,-0.030299917287841316,0
Rex,experiment2,13,162,Recolored Region 35 to Color 3,5 11 28 35,2.1,recolor,35.0,3.0,34.0,2.0,,,1,9,8,4,1,True,Rex,13,34,0.33199072626151993,0.5316731595141115,-0.1996824332525916,0
Rex,experiment2,13,163,Recolored Region 5 to Color 2,11 28 35,11.5,recolor,5.0,2.0,4.0,1.0,,,1,10,9,3,1,True,Rex,13,4,0.6759655764762824,0.33199072626151993,0.3439748502147625,1
Rex,experiment2,13,164,Recolored Region 35 to Color 1,35 40,10.3,recolor,35.0,1.0,34.0,0.0,,,1,11,10,2,1,True,Rex,13,34,0.33199072626151993,0.6759655764762824,-0.3439748502147625,0
Rex,experiment2,13,165,Recolored Region 40 to Color 2,34 39 40,4.5,recolor,40.0,2.0,39.0,1.0,,,1,12,11,3,1,True,Rex,13,39,0.1915215338423103,0.33199072626151993,-0.14046919241920963,0
Rex,experiment2,13,166,Recolored Region 40 to Color 1,35 40,2.7,recolor,40.0,1.0,39.0,0.0,,,1,13,12,2,1,True,Rex,13,39,0.1915215338423103,0.1915215338423103,0.0,0
Rex,experiment2,13,167,Recolored Region 35 to Color 4,35 37,4.1,recolor,35.0,4.0,34.0,3.0,,,1,14,13,2,1,True,Rex,13,34,0.33199072626151993,0.1915215338423103,0.14046919241920963,1
Rex,experiment2,13,168,Recolored Region 9 to Color 2,1 9 35 37 39,4.1,recolor,9.0,2.0,8.0,1.0,,,1,15,14,5,1,True,Rex,13,8,0.5559933728970105,0.33199072626151993,0.22400264663549052,1
Rex,experiment2,13,169,Recolored Region 9 to Color 3,35 37,2.0,recolor,9.0,3.0,8.0,2.0,,,1,16,15,2,1,True,Rex,13,8,0.5559933728970105,0.5559933728970105,0.0,0
Rex,experiment2,13,170,Recolored Region 37 to Color 2,37 39,1.3,recolor,37.0,2.0,36.0,1.0,,,1,17,16,2,1,True,Rex,13,36,0.3759113714051263,0.5559933728970105,-0.18008200149188414,0
Rex,experiment2,13,171,Recolored Region 39 to Color 4,,2.1,recolor,39.0,4.0,38.0,3.0,,,1,18,17,0,1,True,Rex,13,38,0.41993874281595206,0.3759113714051263,0.044027371410825744,1
Rex,experiment2,14,173,Recolored Region 10 to Color 1,1 8 20 24 31 32 37 38 45,4.5,recolor,10.0,1.0,9.0,0.0,,,1,2,1,9,1,True,Rex,14,9,0.8802164535337098,,,
Rex,experiment2,14,174,Recolored Region 20 to Color 2,1 8 24 31 32 37 38 45,2.8,recolor,20.0,2.0,19.0,1.0,,,1,3,2,8,1,True,Rex,14,19,0.728780029878843,0.8802164535337098,-0.15143642365486676,0
Rex,experiment2,14,175,Recolored Region 16 to Color 3,1 8 16 24 31 32 37 38 45,9.4,recolor,16.0,3.0,15.0,2.0,,,1,4,3,9,1,True,Rex,14,15,0.6445143918415767,0.728780029878843,-0.08426563803726639,0
Rex,experiment2,14,176,Recolored Region 19 to Color 2,1 8 16 19 24 25 31 32 37 38 45,1.3,recolor,19.0,2.0,18.0,1.0,,,1,5,4,11,1,True,Rex,14,18,0.2947989289043839,0.6445143918415767,-0.34971546293719274,0
Rex,experiment2,14,177,Recolored Region 19 to Color 1,1 8 16 24 31 32 37 38 45,4.2,recolor,19.0,1.0,18.0,0.0,,,1,6,5,9,1,True,Rex,14,18,0.2947989289043839,0.2947989289043839,0.0,0
Rex,experiment2,14,178,Recolored Region 24 to Color 2,1 8 32 37 38 45,5.1,recolor,24.0,2.0,23.0,1.0,,,1,7,6,6,1,True,Rex,14,23,0.4767532734289498,0.2947989289043839,0.18195434452456588,1
Rex,experiment2,14,179,Recolored Region 45 to Color 1,8 32 37 38,7.9,recolor,45.0,1.0,44.0,0.0,,,1,8,7,4,1,True,Rex,14,44,0.7114942490210595,0.4767532734289498,0.2347409755921097,1
Rex,experiment2,14,180,Recolored Region 37 to Color 1,32 38,5.0,recolor,37.0,1.0,36.0,0.0,,,1,9,8,2,1,True,Rex,14,36,0.1495343933971967,0.7114942490210595,-0.5619598556238627,0
Rex,experiment2,14,181,Recolored Region 32 to Color 4,,4.5,recolor,32.0,4.0,31.0,3.0,,,1,10,9,0,1,True,Rex,14,31,0.4490277035631482,0.1495343933971967,0.2994933101659515,1
Rex,experiment2,15,183,Recolored Region 28 to Color 1,1 4 11 15 17 21 22 24 28 32 44,3.8,recolor,28.0,1.0,27.0,0.0,,,1,2,1,11,1,True,Rex,15,27,0.6650741698880525,,,
Rex,experiment2,15,184,Recolored Region 24 to Color 1,1 4 11 15 17 21 28 32 44,1.1,recolor,24.0,1.0,23.0,0.0,,,1,3,2,9,1,True,Rex,15,23,0.8433287137896318,0.6650741698880525,0.17825454390157935,1
Rex,experiment2,15,185,Recolored Region 21 to Color 4,1 4 11 15 17 28 44,6.7,recolor,21.0,4.0,20.0,3.0,,,1,4,3,7,1,True,Rex,15,20,0.83740361432108,0.8433287137896318,-0.005925099468551798,0
Rex,experiment2,15,186,Recolored Region 1 to Color 3,4 11 15 17 28,4.6,recolor,1.0,3.0,0.0,2.0,,,1,5,4,5,1,True,Rex,15,0,0.643440498745971,0.83740361432108,-0.19396311557510904,0
Rex,experiment2,15,187,Recolored Region 33 to Color 1,4 11 15 17 28 33,8.8,recolor,33.0,1.0,32.0,0.0,,,1,6,5,6,1,True,Rex,15,32,0.9222919313530853,0.643440498745971,0.2788514326071143,1
Rex,experiment2,15,188,Recolored Region 3 to Color 4,3 4 11 15 17 28 33 43,2.1,recolor,3.0,4.0,2.0,3.0,,,1,7,6,8,1,True,Rex,15,2,0.6771308766157322,0.9222919313530853,-0.24516105473735306,0
Rex,experiment2,15,189,Recolored Region 43 to Color 2,4 11 15 17 28 33,2.0,recolor,43.0,2.0,42.0,1.0,,,1,8,7,6,1,True,Rex,15,42,0.5153253011206647,0.6771308766157322,-0.16180557549506758,0
Rex,experiment2,15,190,Recolored Region 11 to Color 3,4 11 15 17 28,5.7,recolor,11.0,3.0,10.0,2.0,,,1,9,8,5,1,True,Rex,15,10,0.8163907005433182,0.5153253011206647,0.30106539942265353,1
Rex,experiment2,15,191,Recolored Region 15 to Color 4,4 11 17 28,20.5,recolor,15.0,4.0,14.0,3.0,,,1,10,9,4,1,True,Rex,15,14,0.41726236808203465,0.8163907005433182,-0.39912833246128354,0
Rex,experiment2,15,192,Recolored Region 28 to Color 3,4 11 28,7.1,recolor,28.0,3.0,27.0,2.0,,,1,11,10,3,1,True,Rex,15,27,0.6650741698880525,0.41726236808203465,0.2478118018060178,1
Rex,experiment2,15,193,Recolored Region 4 to Color 1,4 11 28 33,9.8,recolor,4.0,1.0,3.0,0.0,,,1,12,11,4,1,True,Rex,15,3,0.684747886488007,0.6650741698880525,0.019673716599954538,1
Rex,experiment2,15,194,Recolored Region 33 to Color 3,11 28 33,15.9,recolor,33.0,3.0,32.0,2.0,,,1,13,12,3,1,True,Rex,15,32,0.9222919313530853,0.684747886488007,0.2375440448650783,1
Rex,experiment2,15,195,Recolored Region 40 to Color 1,11 28 33,7.2,recolor,40.0,1.0,39.0,0.0,,,1,14,13,3,1,True,Rex,15,39,0.9222919313530853,0.9222919313530853,0.0,0
Rex,experiment2,15,196,Recolored Region 11 to Color 1,4 11 40,2.4,recolor,11.0,1.0,10.0,0.0,,,1,15,14,3,1,True,Rex,15,10,0.8163907005433182,0.9222919313530853,-0.1059012308097671,0
Rex,experiment2,15,197,Recolored Region 11 to Color 2,,2.1,recolor,11.0,2.0,10.0,1.0,,,1,16,15,0,1,True,Rex,15,10,0.8163907005433182,0.8163907005433182,0.0,0
Rex,experiment2,16,199,Recolored Region 27 to Color 2,1 5 7 9 16 21 25 26 27 29 30 31 36 41 42,7.8,recolor,27.0,2.0,26.0,1.0,,,1,2,1,15,1,True,Rex,16,26,0.728780029878843,,,
Rex,experiment2,16,200,Recolored Region 25 to Color 3,1 5 7 9 16 21 25 26 29 30 31 35 36 41 42,2.9,recolor,25.0,3.0,24.0,2.0,,,1,3,2,15,1,True,Rex,16,24,0.8071259394652586,0.728780029878843,0.07834590958641552,1
Rex,experiment2,16,201,Recolored Region 35 to Color 4,1 5 7 9 16 21 26 29 30 31 36 41 42,2.9,recolor,35.0,4.0,34.0,3.0,,,1,4,3,13,1,True,Rex,16,34,0.8702076825611124,0.8071259394652586,0.06308174309585379,1
Rex,experiment2,16,202,Recolored Region 26 to Color 3,1 2 9 16 21 26 29 30 31 36 41 42,2.5,recolor,26.0,3.0,25.0,2.0,,,1,5,4,12,1,True,Rex,16,25,0.454650139216604,0.8702076825611124,-0.41555754334450834,0
Rex,experiment2,16,203,Recolored Region 29 to Color 2,1 2 9 16 21 26 30 31 36 41,5.7,recolor,29.0,2.0,28.0,1.0,,,1,6,5,10,1,True,Rex,16,28,0.39526797057989366,0.454650139216604,-0.059382168636710364,0
Rex,experiment2,16,204,Recolored Region 9 to Color 2,1 2 16 26 30 36 41,6.2,recolor,9.0,2.0,8.0,1.0,,,1,7,6,7,1,True,Rex,16,8,0.8472557604710943,0.39526797057989366,0.45198778989120064,1
Rex,experiment2,16,205,Recolored Region 36 to Color 2,1 2 6 16 26 30 36 41,2.2,recolor,36.0,2.0,35.0,1.0,,,1,8,7,8,1,True,Rex,16,35,0.3220783132004154,0.8472557604710943,-0.5251774472706789,0
Rex,experiment2,16,206,Recolored Region 30 to Color 2,2 6 16 26 28 30 36 41,5.4,recolor,30.0,2.0,29.0,1.0,,,1,9,8,8,1,True,Rex,16,29,0.6854141311063932,0.3220783132004154,0.36333581790597774,1
Rex,experiment2,16,207,Recolored Region 1 to Color 1,1 2 6 16 24 26 28 30 36 41,6.0,recolor,1.0,1.0,0.0,0.0,,,1,10,9,10,1,True,Rex,16,0,0.6275156839553562,0.6854141311063932,-0.05789844715103698,0
Rex,experiment2,16,208,Recolored Region 1 to Color 4,2 6 16 26 28 30 36 41,2.4,recolor,1.0,4.0,0.0,3.0,,,1,11,10,8,1,True,Rex,16,0,0.6275156839553562,0.6275156839553562,0.0,0
Rex,experiment2,16,209,Recolored Region 6 to Color 4,2 6 16 26 28 30 41,8.5,recolor,6.0,4.0,5.0,3.0,,,1,12,11,7,1,True,Rex,16,5,0.12240859255616562,0.6275156839553562,-0.5051070913991905,0
Rex,experiment2,16,210,Recolored Region 41 to Color 3,2 6 16 26 28 30,6.5,recolor,41.0,3.0,40.0,2.0,,,1,13,12,6,1,True,Rex,16,40,0.19796102181874214,0.12240859255616562,0.07555242926257652,1
Rex,experiment2,16,211,Recolored Region 41 to Color 1,2 6 16 26 28 30,4.4,recolor,41.0,1.0,40.0,0.0,,,1,14,13,6,1,True,Rex,16,40,0.19796102181874214,0.19796102181874214,0.0,0
Rex,experiment2,16,212,Recolored Region 6 to Color 3,2 6 26 28 30,5.8,recolor,6.0,3.0,5.0,2.0,,,1,15,14,5,1,True,Rex,16,5,0.12240859255616562,0.19796102181874214,-0.07555242926257652,0
Rex,experiment2,16,213,Recolored Region 2 to Color 4,2 7 28 30,24.5,recolor,2.0,4.0,1.0,3.0,,,1,16,15,4,1,True,Rex,16,1,0.12947387951698375,0.12240859255616562,0.0070652869608181235,1
Rex,experiment2,16,214,Recolored Region 7 to Color 1,7 28 30 39 42,9.9,recolor,7.0,1.0,6.0,0.0,,,1,17,16,5,1,True,Rex,16,6,0.2545120717213887,0.12947387951698375,0.12503819220440493,1
Rex,experiment2,16,215,Recolored Region 7 to Color 2,7 28 29 30,2.1,recolor,7.0,2.0,6.0,1.0,,,1,18,17,4,1,True,Rex,16,6,0.2545120717213887,0.2545120717213887,0.0,0
Rex,experiment2,16,216,Recolored Region 29 to Color 1,28 29 30 42,4.0,recolor,29.0,1.0,28.0,0.0,,,1,19,18,4,1,True,Rex,16,28,0.39526797057989366,0.2545120717213887,0.14075589885850498,1
Rex,experiment2,16,217,Recolored Region 29 to Color 4,13 28 29 30 43,10.2,recolor,29.0,4.0,28.0,3.0,,,1,20,19,5,1,True,Rex,16,28,0.39526797057989366,0.39526797057989366,0.0,0
Rex,experiment2,16,218,Recolored Region 11 to Color 4,11 13 28 29 30 43,3.3,recolor,11.0,4.0,10.0,3.0,,,1,21,20,6,1,True,Rex,16,10,0.8610497606009965,0.39526797057989366,0.4657817900211028,1
Rex,experiment2,16,219,Recolored Region 13 to Color 2,28 29 30 43,2.4,recolor,13.0,2.0,12.0,1.0,,,1,22,21,4,1,True,Rex,16,12,0.5817504705271034,0.8610497606009965,-0.2792992900738931,0
Rex,experiment2,16,220,Recolored Region 31 to Color 3,28 29 30 43,12.6,recolor,31.0,3.0,30.0,2.0,,,1,23,22,4,1,True,Rex,16,30,0.9585700892225104,0.5817504705271034,0.37681961869540703,1
Rex,experiment2,16,221,Recolored Region 33 to Color 4,28 29 30 43,6.6,recolor,33.0,4.0,32.0,3.0,,,1,24,23,4,1,True,Rex,16,32,0.5877377686071424,0.9585700892225104,-0.37083232061536797,0
Rex,experiment2,16,222,Recolored Region 32 to Color 1,28 29 30 43,17.3,recolor,32.0,1.0,31.0,0.0,,,1,25,24,4,1,True,Rex,16,31,0.45775929096494616,0.5877377686071424,-0.12997847764219628,0
Rex,experiment2,16,223,Recolored Region 43 to Color 3,28 30 37 43,18.8,recolor,43.0,3.0,42.0,2.0,,,1,26,25,4,1,True,Rex,16,42,0.3220783132004154,0.45775929096494616,-0.13568097776453075,0
Rex,experiment2,16,224,Recolored Region 37 to Color 1,4 28 30 37 42,11.1,recolor,37.0,1.0,36.0,0.0,,,1,27,26,5,1,True,Rex,16,36,0.23619076301363792,0.3220783132004154,-0.08588755018677749,0
Rex,experiment2,16,225,Recolored Region 37 to Color 3,28 30 37 43,7.7,recolor,37.0,3.0,36.0,2.0,,,1,28,27,4,1,True,Rex,16,36,0.23619076301363792,0.23619076301363792,0.0,0
Rex,experiment2,16,226,Recolored Region 32 to Color 3,28 30 32 37 43,2.4,recolor,32.0,3.0,31.0,2.0,,,1,29,28,5,1,True,Rex,16,31,0.45775929096494616,0.23619076301363792,0.22156852795130824,1
Rex,experiment2,16,227,Recolored Region 43 to Color 1,28 30 42 43,5.1,recolor,43.0,1.0,42.0,0.0,,,1,30,29,4,1,True,Rex,16,42,0.3220783132004154,0.45775929096494616,-0.13568097776453075,0
Rex,experiment2,16,228,Recolored Region 30 to Color 1,30 38 42 43,5.3,recolor,30.0,1.0,29.0,0.0,,,1,31,30,4,1,True,Rex,16,29,0.6854141311063932,0.3220783132004154,0.36333581790597774,1
Rex,experiment2,16,229,Recolored Region 38 to Color 4,42 43,2.3,recolor,38.0,4.0,37.0,3.0,,,1,32,31,2,1,True,Rex,16,37,0.47554293059425695,0.6854141311063932,-0.2098712005121362,0
Rex,experiment2,16,230,Recolored Region 32 to Color 2,10 32 42 43,4.4,recolor,32.0,2.0,31.0,1.0,,,1,33,32,4,1,True,Rex,16,31,0.45775929096494616,0.47554293059425695,-0.017783639629310788,0
Rex,experiment2,16,231,Recolored Region 32 to Color 3,42 43,5.9,recolor,32.0,3.0,31.0,2.0,,,1,34,33,2,1,True,Rex,16,31,0.45775929096494616,0.45775929096494616,0.0,0
Rex,experiment2,16,232,Recolored Region 43 to Color 2,10 43,14.9,recolor,43.0,2.0,42.0,1.0,,,1,35,34,2,1,True,Rex,16,42,0.3220783132004154,0.45775929096494616,-0.13568097776453075,0
Rex,experiment2,16,233,Recolored Region 10 to Color 1,4 10,6.9,recolor,10.0,1.0,9.0,0.0,,,1,36,35,2,1,True,Rex,16,9,0.4140679680410891,0.3220783132004154,0.09198965484067367,1
Rex,experiment2,16,234,Recolored Region 4 to Color 2,4 28,8.8,recolor,4.0,2.0,3.0,1.0,,,1,37,36,2,1,True,Rex,16,3,0.3650220882938041,0.4140679680410891,-0.04904587974728497,0
Rex,experiment2,16,235,Recolored Region 28 to Color 4,21 28,3.3,recolor,28.0,4.0,27.0,3.0,,,1,38,37,2,1,True,Rex,16,27,0.5634069451933621,0.3650220882938041,0.19838485689955798,1
Rex,experiment2,16,236,Recolored Region 21 to Color 1,21 45,6.6,recolor,21.0,1.0,20.0,0.0,,,1,39,38,2,1,True,Rex,16,20,0.6919813395416519,0.5634069451933621,0.12857439434828977,1
Rex,experiment2,16,237,Recolored Region 9 to Color 4,21 45,2.7,recolor,9.0,4.0,8.0,3.0,,,1,40,39,2,1,True,Rex,16,8,0.8472557604710943,0.6919813395416519,0.15527442092944244,1
Rex,experiment2,16,238,Recolored Region 9 to Color 2,21 45,8.0,recolor,9.0,2.0,8.0,1.0,,,1,41,40,2,1,True,Rex,16,8,0.8472557604710943,0.8472557604710943,0.0,0
Rex,experiment2,16,239,Recolored Region 45 to Color 4,,1.8,recolor,45.0,4.0,44.0,3.0,,,1,42,41,0,1,True,Rex,16,44,0.8361639339754662,0.8472557604710943,-0.011091826495628121,0
Rex,experiment2,17,241,Recolored Region 37 to Color 1,4 12 15 19 20 24 25 31 32 35 38,4.2,recolor,37.0,1.0,36.0,0.0,,,1,2,1,11,1,True,Rex,17,36,0.618524546083568,,,
Rex,experiment2,17,242,Recolored Region 38 to Color 4,4 12 15 19 20 25 31 32 35,3.4,recolor,38.0,4.0,37.0,3.0,,,1,3,2,9,1,True,Rex,17,37,0.8413583169062904,0.618524546083568,0.22283377082272238,1
Rex,experiment2,17,243,Recolored Region 19 to Color 3,4 15 20 31 32 35,6.1,recolor,19.0,3.0,18.0,2.0,,,1,4,3,6,1,True,Rex,17,18,0.5171115293574251,0.8413583169062904,-0.32424678754886527,0
Rex,experiment2,17,244,Recolored Region 20 to Color 1,20 22 31 32,3.0,recolor,20.0,1.0,19.0,0.0,,,1,5,4,4,1,True,Rex,17,19,0.12883132528016616,0.5171115293574251,-0.38828020407725894,0
Rex,experiment2,17,245,Recolored Region 31 to Color 3,20 22 23 26 31,8.8,recolor,31.0,3.0,30.0,2.0,,,1,6,5,5,1,True,Rex,17,30,0.42902959110240146,0.12883132528016616,0.3001982658222353,1
Rex,experiment2,17,246,Recolored Region 31 to Color 2,20 22 28 31 36,6.4,recolor,31.0,2.0,30.0,1.0,,,1,7,6,5,1,True,Rex,17,30,0.42902959110240146,0.42902959110240146,0.0,0
Rex,experiment2,17,247,Recolored Region 38 to Color 2,20 22 28 31 36,3.8,recolor,38.0,2.0,37.0,1.0,,,1,8,7,5,1,True,Rex,17,37,0.8413583169062904,0.42902959110240146,0.4123287258038889,1
Rex,experiment2,17,248,Recolored Region 31 to Color 3,20 22 23 26 31,20.4,recolor,31.0,3.0,30.0,2.0,,,1,9,8,5,1,True,Rex,17,30,0.42902959110240146,0.8413583169062904,-0.4123287258038889,0
Rex,experiment2,17,249,Recolored Region 11 to Color 3,20 22 23 26 31,3.3,recolor,11.0,3.0,10.0,2.0,,,1,10,9,5,1,True,Rex,17,10,0.918685692981896,0.42902959110240146,0.4896561018794945,1
Rex,experiment2,17,250,Recolored Region 13 to Color 4,20 22 23 26 31,5.5,recolor,13.0,4.0,12.0,3.0,,,1,11,10,5,1,True,Rex,17,12,0.8255514942809706,0.918685692981896,-0.09313419870092532,0
Rex,experiment2,17,251,Recolored Region 31 to Color 4,3 20 22 31 43,3.6,recolor,31.0,4.0,30.0,3.0,,,1,12,11,5,1,True,Rex,17,30,0.42902959110240146,0.8255514942809706,-0.39652190317856917,0
Rex,experiment2,17,252,Recolored Region 3 to Color 1,20 22 31 43,9.4,recolor,3.0,1.0,2.0,0.0,,,1,13,12,4,1,True,Rex,17,2,0.6153297533795931,0.42902959110240146,0.1863001622771916,1
Rex,experiment2,17,253,Recolored Region 41 to Color 2,6 20 22 31 41 43,11.2,recolor,41.0,2.0,40.0,1.0,,,1,14,13,6,1,True,Rex,17,40,0.30731064743170916,0.6153297533795931,-0.3080191059478839,0
Rex,experiment2,17,254,Recolored Region 41 to Color 1,20 22 31 43,3.5,recolor,41.0,1.0,40.0,0.0,,,1,15,14,4,1,True,Rex,17,40,0.30731064743170916,0.30731064743170916,0.0,0
Rex,experiment2,17,255,Recolored Region 26 to Color 1,3 20 22 26 31 43,7.4,recolor,26.0,1.0,25.0,0.0,,,1,16,15,6,1,True,Rex,17,25,0.5668740975808192,0.30731064743170916,0.25956345014911003,1
Rex,experiment2,17,256,Recolored Region 26 to Color 4,20 22 26 31 43,3.2,recolor,26.0,4.0,25.0,3.0,,,1,17,16,5,1,True,Rex,17,25,0.5668740975808192,0.5668740975808192,0.0,0
Rex,experiment2,17,257,Recolored Region 31 to Color 3,20 22 23 31,3.1,recolor,31.0,3.0,30.0,2.0,,,1,18,17,4,1,True,Rex,17,30,0.42902959110240146,0.5668740975808192,-0.13784450647841773,0
Rex,experiment2,17,258,Recolored Region 23 to Color 4,15 20 22 23,2.8,recolor,23.0,4.0,22.0,3.0,,,1,19,18,4,1,True,Rex,17,22,0.5601241382529172,0.42902959110240146,0.13109454715051572,1
Rex,experiment2,17,259,Recolored Region 15 to Color 1,15 17 20 22,4.7,recolor,15.0,1.0,14.0,0.0,,,1,20,19,4,1,True,Rex,17,14,0.3267766242366712,0.5601241382529172,-0.23334751401624598,0
Rex,experiment2,17,260,Recolored Region 29 to Color 4,12 15 17 20 22 29,5.8,recolor,29.0,4.0,28.0,3.0,,,1,21,20,6,1,True,Rex,17,28,0.8761477356997415,0.3267766242366712,0.5493711114630703,1
Rex,experiment2,17,261,Recolored Region 12 to Color 3,12 15 17 19 20 22,1.7,recolor,12.0,3.0,11.0,2.0,,,1,22,21,6,1,True,Rex,17,11,0.6008863747631626,0.8761477356997415,-0.2752613609365788,0
Rex,experiment2,17,262,Recolored Region 15 to Color 4,12 15 19 20 22 23,2.6,recolor,15.0,4.0,14.0,3.0,,,1,23,22,6,1,True,Rex,17,14,0.3267766242366712,0.6008863747631626,-0.27410975052649145,0
Rex,experiment2,17,263,Recolored Region 19 to Color 1,15 20 22 23,8.2,recolor,19.0,1.0,18.0,0.0,,,1,24,23,4,1,True,Rex,17,18,0.5171115293574251,0.3267766242366712,0.1903349051207539,1
Rex,experiment2,17,264,Recolored Region 23 to Color 3,20 22 23 31,15.2,recolor,23.0,3.0,22.0,2.0,,,1,25,24,4,1,True,Rex,17,22,0.5601241382529172,0.5171115293574251,0.04301260889549208,1
Rex,experiment2,17,265,Recolored Region 23 to Color 1,3 17 20 22 23,15.9,recolor,23.0,1.0,22.0,0.0,,,1,26,25,5,1,True,Rex,17,22,0.5601241382529172,0.5601241382529172,0.0,0
Rex,experiment2,17,266,Recolored Region 17 to Color 2,3 17 20 22 23 30 39,3.1,recolor,17.0,2.0,16.0,1.0,,,1,27,26,7,1,True,Rex,17,16,0.6656850537122486,0.5601241382529172,0.10556091545933144,1
Rex,experiment2,17,267,Recolored Region 23 to Color 2,17 20 22 23 28 30 39,0.8,recolor,23.0,2.0,22.0,1.0,,,1,28,27,7,1,True,Rex,17,22,0.5601241382529172,0.6656850537122486,-0.10556091545933144,0
Rex,experiment2,17,268,Recolored Region 17 to Color 1,20 22 23 28 39,2.6,recolor,17.0,1.0,16.0,0.0,,,1,29,28,5,1,True,Rex,17,16,0.6656850537122486,0.5601241382529172,0.10556091545933144,1
Rex,experiment2,17,269,Recolored Region 23 to Color 4,15 20 22 23,2.9,recolor,23.0,4.0,22.0,3.0,,,1,30,29,4,1,True,Rex,17,22,0.5601241382529172,0.6656850537122486,-0.10556091545933144,0
Rex,experiment2,17,270,Recolored Region 29 to Color 1,15 20 22 23,16.6,recolor,29.0,1.0,28.0,0.0,,,1,31,30,4,1,True,Rex,17,28,0.8761477356997415,0.5601241382529172,0.3160235974468243,1
Rex,experiment2,17,271,Recolored Region 15 to Color 3,7 15 20 22 40,22.4,recolor,15.0,3.0,14.0,2.0,,,1,32,31,5,1,True,Rex,17,14,0.3267766242366712,0.8761477356997415,-0.5493711114630703,0
Rex,experiment2,17,272,Recolored Region 20 to Color 3,7 15 20 40,5.6,recolor,20.0,3.0,19.0,2.0,,,1,33,32,4,1,True,Rex,17,19,0.12883132528016616,0.3267766242366712,-0.19794529895650503,0
Rex,experiment2,17,273,Recolored Region 20 to Color 2,7 15 20 27 40,2.3,recolor,20.0,2.0,19.0,1.0,,,1,34,33,5,1,True,Rex,17,19,0.12883132528016616,0.12883132528016616,0.0,0
Rex,experiment2,17,274,Recolored Region 12 to Color 4,7 15 20 27 40,7.4,recolor,12.0,4.0,11.0,3.0,,,1,35,34,5,1,True,Rex,17,11,0.6008863747631626,0.12883132528016616,0.4720550494829965,1
Rex,experiment2,17,275,Recolored Region 12 to Color 3,7 15 20 27 40,3.4,recolor,12.0,3.0,11.0,2.0,,,1,36,35,5,1,True,Rex,17,11,0.6008863747631626,0.6008863747631626,0.0,0
Rex,experiment2,17,276,Recolored Region 15 to Color 1,15 17 20 27,10.0,recolor,15.0,1.0,14.0,0.0,,,1,37,36,4,1,True,Rex,17,14,0.3267766242366712,0.6008863747631626,-0.27410975052649145,0
Rex,experiment2,17,277,Recolored Region 22 to Color 4,4 15 17 20 22 27,8.9,recolor,22.0,4.0,21.0,3.0,,,1,38,37,6,1,True,Rex,17,21,0.3676774700626913,0.3267766242366712,0.040900845826020105,1
Rex,experiment2,17,278,Recolored Region 22 to Color 1,15 17 20 27,3.2,recolor,22.0,1.0,21.0,0.0,,,1,39,38,4,1,True,Rex,17,21,0.3676774700626913,0.3676774700626913,0.0,0
Rex,experiment2,17,279,Recolored Region 27 to Color 4,15 17 27 35,2.2,recolor,27.0,4.0,26.0,3.0,,,1,40,39,4,1,True,Rex,17,26,0.36722577766849696,0.3676774700626913,-0.00045169239419434737,0
Rex,experiment2,17,280,Recolored Region 29 to Color 4,15 17 27 35,6.5,recolor,29.0,4.0,28.0,3.0,,,1,41,40,4,1,True,Rex,17,28,0.8761477356997415,0.36722577766849696,0.5089219580312445,1
Rex,experiment2,17,281,Recolored Region 9 to Color 4,9 14 15 17 27 35,12.4,recolor,9.0,4.0,8.0,3.0,,,1,42,41,6,1,True,Rex,17,8,0.8843967867131516,0.8761477356997415,0.008249051013410114,1
Rex,experiment2,17,282,Recolored Region 14 to Color 1,15 17 27 35,4.2,recolor,14.0,1.0,13.0,0.0,,,1,43,42,4,1,True,Rex,17,13,0.5956057175602253,0.8843967867131516,-0.2887910691529263,0
Rex,experiment2,17,283,Recolored Region 12 to Color 4,12 15 17 27 29 35,6.0,recolor,12.0,4.0,11.0,3.0,,,1,44,43,6,1,True,Rex,17,11,0.6008863747631626,0.5956057175602253,0.0052806572029373555,1
Rex,experiment2,17,284,Recolored Region 29 to Color 3,12 15 17 27 35,3.3,recolor,29.0,3.0,28.0,2.0,,,1,45,44,5,1,True,Rex,17,28,0.8761477356997415,0.6008863747631626,0.2752613609365788,1
Rex,experiment2,17,285,Recolored Region 27 to Color 2,15 17 20 27,4.6,recolor,27.0,2.0,26.0,1.0,,,1,46,45,4,1,True,Rex,17,26,0.36722577766849696,0.8761477356997415,-0.5089219580312445,0
Rex,experiment2,17,286,Recolored Region 17 to Color 2,17 20 27 30 39,27.0,recolor,17.0,2.0,16.0,1.0,,,1,47,46,5,1,True,Rex,17,16,0.6656850537122486,0.36722577766849696,0.29845927604375166,1
Rex,experiment2,17,287,Recolored Region 11 to Color 2,11 17 20 27 30 39,3.9,recolor,11.0,2.0,10.0,1.0,,,1,48,47,6,1,True,Rex,17,10,0.918685692981896,0.6656850537122486,0.25300063926964733,1
Rex,experiment2,17,288,Recolored Region 5 to Color 2,5 11 17 20 27 30 39,7.4,recolor,5.0,2.0,4.0,1.0,,,1,49,48,7,1,True,Rex,17,4,0.8071259394652586,0.918685692981896,-0.11155975351663738,0
Rex,experiment2,17,289,Recolored Region 5 to Color 3,11 17 20 27 30 39,3.4,recolor,5.0,3.0,4.0,2.0,,,1,50,49,6,1,True,Rex,17,4,0.8071259394652586,0.8071259394652586,0.0,0
Rex,experiment2,17,290,Recolored Region 27 to Color 3,11 17 30 39,12.1,recolor,27.0,3.0,26.0,2.0,,,1,51,50,4,1,True,Rex,17,26,0.36722577766849696,0.8071259394652586,-0.4399001617967616,0
Rex,experiment2,17,291,Recolored Region 11 to Color 1,17 30 39,4.9,recolor,11.0,1.0,10.0,0.0,,,1,52,51,3,1,True,Rex,17,10,0.918685692981896,0.36722577766849696,0.551459915313399,1
Rex,experiment2,17,292,Recolored Region 30 to Color 4,17 39,4.2,recolor,30.0,4.0,29.0,3.0,,,1,53,52,2,1,True,Rex,17,29,0.47363036868541153,0.918685692981896,-0.4450553242964844,0
Rex,experiment2,17,293,Recolored Region 45 to Color 2,17 39 45,4.3,recolor,45.0,2.0,44.0,1.0,,,1,54,53,3,1,True,Rex,17,44,0.8417965814584273,0.47363036868541153,0.36816621277301576,1
Rex,experiment2,17,294,Recolored Region 8 to Color 4,17 39 45,5.3,recolor,8.0,4.0,7.0,3.0,,,1,55,54,3,1,True,Rex,17,7,0.8048378386477201,0.8417965814584273,-0.03695874281070721,0
Rex,experiment2,17,295,Recolored Region 3 to Color 3,3 17 31 39 45,2.9,recolor,3.0,3.0,2.0,2.0,,,1,56,55,5,1,True,Rex,17,2,0.6153297533795931,0.8048378386477201,-0.189508085268127,0
Rex,experiment2,17,296,Recolored Region 3 to Color 1,17 39 45,2.9,recolor,3.0,1.0,2.0,0.0,,,1,57,56,3,1,True,Rex,17,2,0.6153297533795931,0.6153297533795931,0.0,0
Rex,experiment2,17,297,Recolored Region 45 to Color 1,17 39,14.6,recolor,45.0,1.0,44.0,0.0,,,1,58,57,2,1,True,Rex,17,44,0.8417965814584273,0.6153297533795931,0.22646682807883423,1
Rex,experiment2,17,298,Recolored Region 5 to Color 2,5 17 39,8.8,recolor,5.0,2.0,4.0,1.0,,,1,59,58,3,1,True,Rex,17,4,0.8071259394652586,0.8417965814584273,-0.034670641993168716,0
Rex,experiment2,17,299,Recolored Region 39 to Color 3,5 17,1.9,recolor,39.0,3.0,38.0,2.0,,,1,60,59,2,1,True,Rex,17,38,0.6521588788934044,0.8071259394652586,-0.15496706057185416,0
Rex,experiment2,17,300,Recolored Region 5 to Color 4,5 13,5.9,recolor,5.0,4.0,4.0,3.0,,,1,61,60,2,1,True,Rex,17,4,0.8071259394652586,0.6521588788934044,0.15496706057185416,1
Rex,experiment2,17,301,Recolored Region 13 to Color 3,,2.9,recolor,13.0,3.0,12.0,2.0,,,1,62,61,0,1,True,Rex,17,12,0.8255514942809706,0.8071259394652586,0.018425554815712064,1
Rex,experiment2,18,303,Recolored Region 24 to Color 3,1 8 17 18 24 29 31 32 39,4.2,recolor,24.0,3.0,23.0,2.0,,,1,2,1,9,1,True,Rex,18,23,0.5771505976397533,,,
Rex,experiment2,18,304,Recolored Region 31 to Color 2,1 8 17 18 24 32 39,3.5,recolor,31.0,2.0,30.0,1.0,,,1,3,2,7,1,True,Rex,18,30,0.4766759035366149,0.5771505976397533,-0.10047469410313842,0
Rex,experiment2,18,305,Recolored Region 1 to Color 4,17 18 24 32,4.4,recolor,1.0,4.0,0.0,3.0,,,1,4,3,4,1,True,Rex,18,0,0.5559933728970105,0.4766759035366149,0.07931746936039558,1
Rex,experiment2,18,306,Recolored Region 31 to Color 4,17 18 24 32,28.3,recolor,31.0,4.0,30.0,3.0,,,1,5,4,4,1,True,Rex,18,30,0.4766759035366149,0.5559933728970105,-0.07931746936039558,0
Rex,experiment2,18,307,Recolored Region 32 to Color 4,12 17 24 32,16.3,recolor,32.0,4.0,31.0,3.0,,,1,6,5,4,1,True,Rex,18,31,0.3007597571738442,0.4766759035366149,-0.1759161463627707,0
Rex,experiment2,18,308,Recolored Region 29 to Color 2,12 17 24 32,13.5,recolor,29.0,2.0,28.0,1.0,,,1,7,6,4,1,True,Rex,18,28,0.4897285216283257,0.3007597571738442,0.18896876445448152,1
Rex,experiment2,18,309,Recolored Region 32 to Color 1,17 24,3.5,recolor,32.0,1.0,31.0,0.0,,,1,8,7,2,1,True,Rex,18,31,0.3007597571738442,0.4897285216283257,-0.18896876445448152,0
Rex,experiment2,18,310,Recolored Region 24 to Color 2,24 30,11.1,recolor,24.0,2.0,23.0,1.0,,,1,9,8,2,1,True,Rex,18,23,0.5771505976397533,0.3007597571738442,0.2763908404659091,1
Rex,experiment2,18,311,Recolored Region 30 to Color 3,,2.6,recolor,30.0,3.0,29.0,2.0,,,1,10,9,0,1,True,Rex,18,29,0.8361639339754662,0.5771505976397533,0.2590133363357129,1
Rex,experiment2,19,313,Recolored Region 19 to Color 2,7 22 26 33 41,3.4,recolor,19.0,2.0,18.0,1.0,,,1,2,1,5,1,True,Rex,19,18,0.8374810334137728,,,
Rex,experiment2,19,314,Recolored Region 7 to Color 3,22 26 33 41,7.7,recolor,7.0,3.0,6.0,2.0,,,1,3,2,4,1,True,Rex,19,6,0.9330270194839682,0.8374810334137728,0.09554598607019538,1
Rex,experiment2,19,315,Recolored Region 35 to Color 2,22 26 33 35 41,8.1,recolor,35.0,2.0,34.0,1.0,,,1,4,3,5,1,True,Rex,19,34,0.8374036143210802,0.9330270194839682,-0.09562340516288792,0
Rex,experiment2,19,316,Recolored Region 22 to Color 1,2 22 33 41,6.3,recolor,22.0,1.0,21.0,0.0,,,1,5,4,4,1,True,Rex,19,21,0.7054581969735665,0.8374036143210802,-0.13194541734751375,0
Rex,experiment2,19,317,Recolored Region 2 to Color 4,33 41,2.6,recolor,2.0,4.0,1.0,3.0,,,1,6,5,2,1,True,Rex,19,1,0.795075451873746,0.7054581969735665,0.08961725490017947,1
Rex,experiment2,19,318,Recolored Region 33 to Color 1,,5.8,recolor,33.0,1.0,32.0,0.0,,,1,7,6,0,1,True,Rex,19,32,0.6127957834378188,0.795075451873746,-0.18227966843592713,0
Rex,experiment2,20,320,Recolored Region 2 to Color 1,2 5 6 10 15 27 38 45,3.5,recolor,2.0,1.0,1.0,0.0,,,1,2,1,8,1,True,Rex,20,1,0.8825558164914491,,,
Rex,experiment2,20,321,Recolored Region 38 to Color 2,2 5 6 10 15 27 45,3.1,recolor,38.0,2.0,37.0,1.0,,,1,3,2,7,1,True,Rex,20,37,0.6771308766157322,0.8825558164914491,-0.20542493987571686,0
Rex,experiment2,20,322,Recolored Region 34 to Color 2,2 5 6 10 15 27 45,12.0,recolor,34.0,2.0,33.0,1.0,,,1,4,3,7,1,True,Rex,20,33,0.8761477356997415,0.6771308766157322,0.19901685908400923,1
Rex,experiment2,20,323,Recolored Region 2 to Color 4,2 6 10 15 27 40 45,5.7,recolor,2.0,4.0,1.0,3.0,,,1,5,4,7,1,True,Rex,20,1,0.8825558164914491,0.8761477356997415,0.006408080791707627,1
Rex,experiment2,20,324,Recolored Region 40 to Color 3,6 10 15 27 39 40 45,4.3,recolor,40.0,3.0,39.0,2.0,,,1,6,5,7,1,True,Rex,20,39,0.8112282578331785,0.8825558164914491,-0.07132755865827056,0
Rex,experiment2,20,325,Recolored Region 27 to Color 1,6 39 40 45,12.0,recolor,27.0,1.0,26.0,0.0,,,1,7,6,4,1,True,Rex,20,26,0.26515825106854213,0.8112282578331785,-0.5460700067646365,0
Rex,experiment2,20,326,Recolored Region 36 to Color 2,6 39 40 45,5.5,recolor,36.0,2.0,35.0,1.0,,,1,8,7,4,1,True,Rex,20,35,0.9013026768903071,0.26515825106854213,0.636144425821765,1
Rex,experiment2,20,327,Recolored Region 6 to Color 1,39 40,6.6,recolor,6.0,1.0,5.0,0.0,,,1,9,8,2,1,True,Rex,20,5,0.5619730768019529,0.9013026768903071,-0.3393296000883542,0
Rex,experiment2,20,328,Recolored Region 2 to Color 1,2 5 39 40,2.3,recolor,2.0,1.0,1.0,0.0,,,1,10,9,4,1,True,Rex,20,1,0.8825558164914491,0.5619730768019529,0.32058273968949624,1
Rex,experiment2,20,329,Recolored Region 2 to Color 2,2 38 39 40,2.8,recolor,2.0,2.0,1.0,1.0,,,1,11,10,4,1,True,Rex,20,1,0.8825558164914491,0.8825558164914491,0.0,0
Rex,experiment2,20,330,Recolored Region 40 to Color 4,2 38,2.4,recolor,40.0,4.0,39.0,3.0,,,1,12,11,2,1,True,Rex,20,39,0.8112282578331785,0.8825558164914491,-0.07132755865827056,0
Rex,experiment2,20,331,Recolored Region 2 to Color 1,2 5,6.9,recolor,2.0,1.0,1.0,0.0,,,1,13,12,2,1,True,Rex,20,1,0.8825558164914491,0.8112282578331785,0.07132755865827056,1
Rex,experiment2,20,332,Recolored Region 34 to Color 4,2 5,5.6,recolor,34.0,4.0,33.0,3.0,,,1,14,13,2,1,True,Rex,20,33,0.8761477356997415,0.8825558164914491,-0.006408080791707627,0
Rex,experiment2,20,333,Recolored Region 5 to Color 4,5 7,13.3,recolor,5.0,4.0,4.0,3.0,,,1,15,14,2,1,True,Rex,20,4,0.6241638020753172,0.8761477356997415,-0.2519839336244243,0
Rex,experiment2,20,334,Recolored Region 4 to Color 2,5 7,3.6,recolor,4.0,2.0,3.0,1.0,,,1,16,15,2,1,True,Rex,20,3,0.7230285954785031,0.6241638020753172,0.09886479340318588,1
Rex,experiment2,20,335,Recolored Region 7 to Color 1,,7.4,recolor,7.0,1.0,6.0,0.0,,,1,17,16,0,1,True,Rex,20,6,0.5419259407142225,0.7230285954785031,-0.18110265476428056,0
Rex,experiment2,21,337,Recolored Region 32 to Color 4,5 6 10 19 26 32 35,3.9,recolor,32.0,4.0,31.0,3.0,,,1,2,1,7,1,True,Rex,21,31,0.5503676628539804,,,
Rex,experiment2,21,338,Recolored Region 27 to Color 4,5 6 10 19 26 32 35,3.2,recolor,27.0,4.0,26.0,3.0,,,1,3,2,7,1,True,Rex,21,26,0.9295740335322557,0.5503676628539804,0.37920637067827523,1
Rex,experiment2,21,339,Recolored Region 6 to Color 4,5 10 19 26 32,8.8,recolor,6.0,4.0,5.0,3.0,,,1,4,3,5,1,True,Rex,21,5,0.7812108911373007,0.9295740335322557,-0.14836314239495496,0
Rex,experiment2,21,340,Recolored Region 19 to Color 1,26 32,3.2,recolor,19.0,1.0,18.0,0.0,,,1,5,4,2,1,True,Rex,21,18,0.44030460138513444,0.7812108911373007,-0.34090628975216625,0
Rex,experiment2,21,341,Recolored Region 25 to Color 4,25 26 32,3.6,recolor,25.0,4.0,24.0,3.0,,,1,6,5,3,1,True,Rex,21,24,0.8374036143210802,0.44030460138513444,0.3970990129359458,1
Rex,experiment2,21,342,Recolored Region 32 to Color 1,25 26 32 39 44,6.2,recolor,32.0,1.0,31.0,0.0,,,1,7,6,5,1,True,Rex,21,31,0.5503676628539804,0.8374036143210802,-0.2870359514670998,0
Rex,experiment2,21,343,Recolored Region 26 to Color 1,26 32 39 44,1.9,recolor,26.0,1.0,25.0,0.0,,,1,8,7,4,1,True,Rex,21,25,0.7518993929346104,0.5503676628539804,0.20153173008062997,1
Rex,experiment2,21,344,Recolored Region 39 to Color 4,26 32 44,6.5,recolor,39.0,4.0,38.0,3.0,,,1,9,8,3,1,True,Rex,21,38,0.6127957834378188,0.7518993929346104,-0.13910360949679157,0
Rex,experiment2,21,345,Recolored Region 44 to Color 4,26 32,5.9,recolor,44.0,4.0,43.0,3.0,,,1,10,9,2,1,True,Rex,21,43,0.59213377427656,0.6127957834378188,-0.02066200916125882,0
Rex,experiment2,21,346,Recolored Region 27 to Color 1,26 32,6.4,recolor,27.0,1.0,26.0,0.0,,,1,11,10,2,1,True,Rex,21,26,0.9295740335322557,0.59213377427656,0.33744025925569565,1
Rex,experiment2,21,347,Recolored Region 39 to Color 1,26 32 39,4.4,recolor,39.0,1.0,38.0,0.0,,,1,12,11,3,1,True,Rex,21,38,0.6127957834378188,0.9295740335322557,-0.31677825009443683,0
Rex,experiment2,21,348,Recolored Region 32 to Color 4,25 32 44,3.0,recolor,32.0,4.0,31.0,3.0,,,1,13,12,3,1,True,Rex,21,31,0.5503676628539804,0.6127957834378188,-0.0624281205838384,0
Rex,experiment2,21,349,Recolored Region 25 to Color 3,32 44,9.4,recolor,25.0,3.0,24.0,2.0,,,1,14,13,2,1,True,Rex,21,24,0.8374036143210802,0.5503676628539804,0.2870359514670998,1
Rex,experiment2,21,350,Recolored Region 44 to Color 3,3 44,12.2,recolor,44.0,3.0,43.0,2.0,,,1,15,14,2,1,True,Rex,21,43,0.59213377427656,0.8374036143210802,-0.24526984004452024,0
Rex,experiment2,21,351,Recolored Region 44 to Color 1,26 44,2.6,recolor,44.0,1.0,43.0,0.0,,,1,16,15,2,1,True,Rex,21,43,0.59213377427656,0.59213377427656,0.0,0
Rex,experiment2,21,352,Recolored Region 26 to Color 3,3 25 26,7.8,recolor,26.0,3.0,25.0,2.0,,,1,17,16,3,1,True,Rex,21,25,0.7518993929346104,0.59213377427656,0.1597656186580504,1
Rex,experiment2,21,353,Recolored Region 25 to Color 1,3 26,3.9,recolor,25.0,1.0,24.0,0.0,,,1,18,17,2,1,True,Rex,21,24,0.8374036143210802,0.7518993929346104,0.08550422138646985,1
Rex,experiment2,21,354,Recolored Region 35 to Color 2,3 26,6.1,recolor,35.0,2.0,34.0,1.0,,,1,19,18,2,1,True,Rex,21,34,0.9295740335322557,0.8374036143210802,0.09217041921117541,1
Rex,experiment2,21,355,Recolored Region 3 to Color 2,3 30,5.3,recolor,3.0,2.0,2.0,1.0,,,1,20,19,2,1,True,Rex,21,2,0.7183429525723583,0.9295740335322557,-0.2112310809598974,0
Rex,experiment2,21,356,Recolored Region 30 to Color 3,,3.0,recolor,30.0,3.0,29.0,2.0,,,1,21,20,0,1,True,Rex,21,29,0.6359884651476235,0.7183429525723583,-0.08235448742473472,0
Rex,experiment2,22,358,Recolored Region 43 to Color 4,3 7 13 14 23 25 36 37 41 42 44,8.7,recolor,43.0,4.0,42.0,3.0,,,1,2,1,11,1,True,Rex,22,42,0.5092505273291941,,,
Rex,experiment2,22,359,Recolored Region 41 to Color 4,3 7 13 14 23 25 37 42 44,3.2,recolor,41.0,4.0,40.0,3.0,,,1,3,2,9,1,True,Rex,22,40,0.40993876680684926,0.5092505273291941,-0.0993117605223448,0
Rex,experiment2,22,360,Recolored Region 42 to Color 2,13 14 19 23 25 37 42 44,3.4,recolor,42.0,2.0,41.0,1.0,,,1,4,3,8,1,True,Rex,22,41,0.7743287817462708,0.40993876680684926,0.3643900149394216,1
Rex,experiment2,22,361,Recolored Region 19 to Color 4,13 14 23 25 37 44,2.6,recolor,19.0,4.0,18.0,3.0,,,1,5,4,6,1,True,Rex,22,18,0.6006883453769161,0.7743287817462708,-0.17364043636935478,0
Rex,experiment2,22,362,Recolored Region 37 to Color 3,13 14 23 25,8.3,recolor,37.0,3.0,36.0,2.0,,,1,6,5,4,1,True,Rex,22,36,0.7776299077008509,0.6006883453769161,0.17694156232393488,1
Rex,experiment2,22,363,Recolored Region 23 to Color 1,,6.6,recolor,23.0,1.0,22.0,0.0,,,1,7,6,0,1,True,Rex,22,22,0.4568797405211469,0.7776299077008509,-0.32075016717970406,0
Rex,experiment2,23,365,Recolored Region 31 to Color 1,7 13 14 18 40,4.8,recolor,31.0,1.0,30.0,0.0,,,1,2,1,5,1,True,Rex,23,30,0.580634936479524,,,
Rex,experiment2,23,366,Recolored Region 40 to Color 4,7 13 14 18,3.6,recolor,40.0,4.0,39.0,3.0,,,1,3,2,4,1,True,Rex,23,39,0.9273394773350623,0.580634936479524,0.34670454085553826,1
Rex,experiment2,23,367,Recolored Region 7 to Color 1,14 18,2.3,recolor,7.0,1.0,6.0,0.0,,,1,4,3,2,1,True,Rex,23,6,0.8594121314120816,0.9273394773350623,-0.06792734592298066,0
Rex,experiment2,23,368,Recolored Region 41 to Color 3,14 18,9.4,recolor,41.0,3.0,40.0,2.0,,,1,5,4,2,1,True,Rex,23,40,0.8810181303798982,0.8594121314120816,0.021605998967816564,1
Rex,experiment2,23,369,Recolored Region 18 to Color 1,2 18,7.0,recolor,18.0,1.0,17.0,0.0,,,1,6,5,2,1,True,Rex,23,17,0.5797409637607478,0.8810181303798982,-0.3012771666191504,0
Rex,experiment2,23,370,Recolored Region 41 to Color 4,2 18,3.9,recolor,41.0,4.0,40.0,3.0,,,1,7,6,2,1,True,Rex,23,40,0.8810181303798982,0.5797409637607478,0.3012771666191504,1
Rex,experiment2,23,371,Recolored Region 2 to Color 3,,2.2,recolor,2.0,3.0,1.0,2.0,,,1,8,7,0,1,True,Rex,23,1,0.8311867234831207,0.8810181303798982,-0.04983140689677745,0
Rex,experiment2,24,373,Recolored Region 25 to Color 2,2 17 32 41,2.6,recolor,25.0,2.0,24.0,1.0,,,1,2,1,4,1,True,Rex,24,24,0.6971340262979613,,,
Rex,experiment2,24,374,Recolored Region 17 to Color 4,2 32,2.9,recolor,17.0,4.0,16.0,3.0,,,1,3,2,2,1,True,Rex,24,16,0.3941714585984485,0.6971340262979613,-0.3029625676995128,0
Rex,experiment2,24,375,Recolored Region 32 to Color 3,22 32,3.3,recolor,32.0,3.0,31.0,2.0,,,1,4,3,2,1,True,Rex,24,31,0.3759496964673052,0.3941714585984485,-0.018221762131143293,0
Rex,experiment2,24,376,Recolored Region 22 to Color 4,22 45,6.4,recolor,22.0,4.0,21.0,3.0,,,1,5,4,2,1,True,Rex,24,21,0.4398823544212952,0.3759496964673052,0.06393265795399,1
Rex,experiment2,24,377,Recolored Region 22 to Color 2,22 28,6.4,recolor,22.0,2.0,21.0,1.0,,,1,6,5,2,1,True,Rex,24,21,0.4398823544212952,0.4398823544212952,0.0,0
Rex,experiment2,24,378,Recolored Region 28 to Color 3,28 33,4.6,recolor,28.0,3.0,27.0,2.0,,,1,7,6,2,1,True,Rex,24,27,0.47091525805329804,0.4398823544212952,0.03103290363200284,1
Rex,experiment2,24,379,Recolored Region 33 to Color 2,26 33,6.2,recolor,33.0,2.0,32.0,1.0,,,1,8,7,2,1,True,Rex,24,32,0.5243055078483975,0.47091525805329804,0.05339024979509943,1
Rex,experiment2,24,380,Recolored Region 26 to Color 4,13 26,5.4,recolor,26.0,4.0,25.0,3.0,,,1,9,8,2,1,True,Rex,24,25,0.7093039075001777,0.5243055078483975,0.18499839965178022,1
Rex,experiment2,24,381,Recolored Region 13 to Color 3,13 38,3.9,recolor,13.0,3.0,12.0,2.0,,,1,10,9,2,1,True,Rex,24,12,0.8594121314120816,0.7093039075001777,0.15010822391190393,1
Rex,experiment2,24,382,Recolored Region 13 to Color 2,6 13,3.5,recolor,13.0,2.0,12.0,1.0,,,1,11,10,2,1,True,Rex,24,12,0.8594121314120816,0.8594121314120816,0.0,0
Rex,experiment2,24,383,Recolored Region 6 to Color 4,,2.9,recolor,6.0,4.0,5.0,3.0,,,1,12,11,0,1,True,Rex,24,5,0.9779731771729271,0.8594121314120816,0.11856104576084547,1
Rex,experiment2,25,385,Recolored Region 5 to Color 1,11 12 16 29 32 36 37 38 39 40 42 43,3.8,recolor,5.0,1.0,4.0,0.0,,,1,2,1,12,1,True,Rex,25,4,0.6445143918415768,,,
Rex,experiment2,25,386,Recolored Region 29 to Color 2,11 12 16 32 36 37 38 39 40 42 43,3.5,recolor,29.0,2.0,28.0,1.0,,,1,3,2,11,1,True,Rex,25,28,0.5619730768019529,0.6445143918415768,-0.08254131503962392,0
Rex,experiment2,25,387,Recolored Region 11 to Color 2,12 16 36 37 38 39 40 42 43,1.8,recolor,11.0,2.0,10.0,1.0,,,1,4,3,9,1,True,Rex,25,10,0.6836107455652538,0.5619730768019529,0.12163766876330095,1
Rex,experiment2,25,388,Recolored Region 38 to Color 2,12 16 36 37 39 40 42,2.7,recolor,38.0,2.0,37.0,1.0,,,1,5,4,7,1,True,Rex,25,37,0.8211418019569834,0.6836107455652538,0.13753105639172958,1
Rex,experiment2,25,389,Recolored Region 42 to Color 2,12 16 36 37 39 40,3.5,recolor,42.0,2.0,41.0,1.0,,,1,6,5,6,1,True,Rex,25,41,0.11962908776015432,0.8211418019569834,-0.701512714196829,0
Rex,experiment2,25,390,Recolored Region 40 to Color 2,36 37 39 40 42,7.6,recolor,40.0,2.0,39.0,1.0,,,1,7,6,5,1,True,Rex,25,39,0.39659468528756187,0.11962908776015432,0.27696559752740757,1
Rex,experiment2,25,391,Recolored Region 42 to Color 3,36 37 39,3.1,recolor,42.0,3.0,41.0,2.0,,,1,8,7,3,1,True,Rex,25,41,0.11962908776015432,0.39659468528756187,-0.27696559752740757,0
Rex,experiment2,25,392,Recolored Region 36 to Color 2,29 36,18.7,recolor,36.0,2.0,35.0,1.0,,,1,9,8,2,1,True,Rex,25,35,0.34640038323588795,0.11962908776015432,0.22677129547573363,1
Rex,experiment2,25,393,Recolored Region 29 to Color 3,4 29,10.5,recolor,29.0,3.0,28.0,2.0,,,1,10,9,2,1,True,Rex,25,28,0.5619730768019529,0.34640038323588795,0.2155726935660649,1
Rex,experiment2,25,394,Recolored Region 4 to Color 4,,2.7,recolor,4.0,4.0,3.0,3.0,,,1,11,10,0,1,True,Rex,25,3,0.45136384120312295,0.5619730768019529,-0.1106092355988299,0
Rex,experiment2,26,396,Recolored Region 17 to Color 2,2 5 9 17 23 29 34 38 39 41 42,3.7,recolor,17.0,2.0,16.0,1.0,,,1,2,1,11,1,True,Rex,26,16,0.7826569281747379,,,
Rex,experiment2,26,397,Recolored Region 41 to Color 1,2 5 9 23 29 34 38 39 42,1.9,recolor,41.0,1.0,40.0,0.0,,,1,3,2,9,1,True,Rex,26,40,0.8024963169539792,0.7826569281747379,0.019839388779241296,1
Rex,experiment2,26,398,Recolored Region 34 to Color 4,2 5 9 23 29 38 39 42,3.8,recolor,34.0,4.0,33.0,3.0,,,1,4,3,8,1,True,Rex,26,33,0.8740403418225277,0.8024963169539792,0.0715440248685485,1
Rex,experiment2,26,399,Recolored Region 23 to Color 3,2 5 9 29 38 39 42,3.7,recolor,23.0,3.0,22.0,2.0,,,1,5,4,7,1,True,Rex,26,22,0.7470550758190818,0.8740403418225277,-0.12698526600344584,0
Rex,experiment2,26,400,Recolored Region 38 to Color 3,2 29 39 42,5.1,recolor,38.0,3.0,37.0,2.0,,,1,6,5,4,1,True,Rex,26,37,0.5353189610330403,0.7470550758190818,-0.21173611478604148,0
Rex,experiment2,26,401,Recolored Region 29 to Color 3,2 39,3.2,recolor,29.0,3.0,28.0,2.0,,,1,7,6,2,1,True,Rex,26,28,0.8294784806850345,0.5353189610330403,0.29415951965199416,1
Rex,experiment2,26,402,Recolored Region 2 to Color 4,2 21 34,4.5,recolor,2.0,4.0,1.0,3.0,,,1,8,7,3,1,True,Rex,26,1,0.6937779189552487,0.8294784806850345,-0.13570056172978584,0
Rex,experiment2,26,403,Recolored Region 21 to Color 1,2 34,4.8,recolor,21.0,1.0,20.0,0.0,,,1,9,8,2,1,True,Rex,26,20,0.8908245981843397,0.6937779189552487,0.19704667922909103,1
Rex,experiment2,26,404,Recolored Region 34 to Color 3,,1.4,recolor,34.0,3.0,33.0,2.0,,,1,10,9,0,1,True,Rex,26,33,0.8740403418225277,0.8908245981843397,-0.016784256361812022,0
Rex,experiment2,27,406,Recolored Region 6 to Color 1,7 10 29 41,5.5,recolor,6.0,1.0,5.0,0.0,,,1,2,1,4,1,True,Rex,27,5,0.6919813395416519,,,
Rex,experiment2,27,407,Recolored Region 7 to Color 1,6 7 29 41,5.7,recolor,7.0,1.0,6.0,0.0,,,1,3,2,4,1,True,Rex,27,6,0.5381696349819428,0.6919813395416519,-0.15381170455970905,0
Rex,experiment2,27,408,Recolored Region 29 to Color 2,6 7,3.9,recolor,29.0,2.0,28.0,1.0,,,1,4,3,2,1,True,Rex,27,28,0.5031024082580213,0.5381696349819428,-0.035067226723921485,0
Rex,experiment2,27,409,Recolored Region 6 to Color 2,6 36,4.8,recolor,6.0,2.0,5.0,1.0,,,1,5,4,2,1,True,Rex,27,5,0.6919813395416519,0.5031024082580213,0.18887893128363054,1
Rex,experiment2,27,410,Recolored Region 27 to Color 1,6 36,3.5,recolor,27.0,1.0,26.0,0.0,,,1,6,5,2,1,True,Rex,27,26,0.8818125430021114,0.6919813395416519,0.18983120346045956,1
Rex,experiment2,27,411,Recolored Region 36 to Color 3,,2.0,recolor,36.0,3.0,35.0,2.0,,,1,7,6,0,1,True,Rex,27,35,0.7151299101434248,0.8818125430021114,-0.16668263285868667,0
Rex,experiment2,28,413,Recolored Region 15 to Color 4,2 3 8 9 10 15 17 19 21 26 37 40 41 42,3.3,recolor,15.0,4.0,14.0,3.0,,,1,2,1,14,1,True,Rex,28,14,0.6771308766157322,,,
Rex,experiment2,28,414,Recolored Region 15 to Color 1,2 3 9 10 17 21 26 37 40 41 42,2.0,recolor,15.0,1.0,14.0,0.0,,,1,3,2,11,1,True,Rex,28,14,0.6771308766157322,0.6771308766157322,0.0,0
Rex,experiment2,28,415,Recolored Region 3 to Color 1,2 3 9 10 17 20 21 26 37 40 41 42,3.7,recolor,3.0,1.0,2.0,0.0,,,1,4,3,12,1,True,Rex,28,2,0.4214798076014646,0.6771308766157322,-0.25565106901426765,0
Rex,experiment2,28,416,Recolored Region 20 to Color 2,2 9 10 17 20 21 26 37 40 41 42 45,2.9,recolor,20.0,2.0,19.0,1.0,,,1,5,4,12,1,True,Rex,28,19,0.6533588639208427,0.4214798076014646,0.23187905631937816,1
Rex,experiment2,28,417,Recolored Region 44 to Color 2,2 9 10 17 20 21 26 37 40 41 42 44 45,4.9,recolor,44.0,2.0,43.0,1.0,,,1,6,5,13,1,True,Rex,28,43,0.9295740335322557,0.6533588639208427,0.2762151696114129,1
Rex,experiment2,28,418,Recolored Region 44 to Color 1,2 9 10 17 20 21 26 37 40 41 42 45,4.3,recolor,44.0,1.0,43.0,0.0,,,1,7,6,12,1,True,Rex,28,43,0.9295740335322557,0.9295740335322557,0.0,0
Rex,experiment2,28,419,Recolored Region 16 to Color 3,2 9 10 17 20 21 26 37 40 41 42 45,2.7,recolor,16.0,3.0,15.0,2.0,,,1,8,7,12,1,True,Rex,28,15,0.8515979068366353,0.9295740335322557,-0.07797612669562037,0
Rex,experiment2,28,420,Recolored Region 45 to Color 1,2 9 10 17 20 21 26 37 40 41 42,2.3,recolor,45.0,1.0,44.0,0.0,,,1,9,8,11,1,True,Rex,28,44,0.7418296322738139,0.8515979068366353,-0.10976827456282134,0
Rex,experiment2,28,421,Recolored Region 10 to Color 3,2 17 20 21 26 37 40 41 42,9.2,recolor,10.0,3.0,9.0,2.0,,,1,10,9,9,1,True,Rex,28,9,0.6217362918452729,0.7418296322738139,-0.12009334042854103,0
Rex,experiment2,28,422,Recolored Region 2 to Color 1,17 20 21 37 40 41 42,4.5,recolor,2.0,1.0,1.0,0.0,,,1,11,10,7,1,True,Rex,28,1,0.29006922752037073,0.6217362918452729,-0.33166706432490217,0
Rex,experiment2,28,423,Recolored Region 40 to Color 2,14 17 20 21 40 41 42,5.9,recolor,40.0,2.0,39.0,1.0,,,1,12,11,7,1,True,Rex,28,39,0.3759113714051263,0.29006922752037073,0.08584214388475558,1
Rex,experiment2,28,424,Recolored Region 20 to Color 3,14 20 21 25 40 41 42,7.8,recolor,20.0,3.0,19.0,2.0,,,1,13,12,7,1,True,Rex,28,19,0.6533588639208427,0.3759113714051263,0.27744749251571643,1
Rex,experiment2,28,425,Recolored Region 25 to Color 1,14 21 40 41 42,4.1,recolor,25.0,1.0,24.0,0.0,,,1,14,13,5,1,True,Rex,28,24,0.5681738965875548,0.6533588639208427,-0.08518496733328795,0
Rex,experiment2,28,426,Recolored Region 41 to Color 2,14 40,5.9,recolor,41.0,2.0,40.0,1.0,,,1,15,14,2,1,True,Rex,28,40,0.10185010546583882,0.5681738965875548,-0.46632379112171596,0
Rex,experiment2,28,427,Recolored Region 14 to Color 4,5 9 14,5.9,recolor,14.0,4.0,13.0,3.0,,,1,16,15,3,1,True,Rex,28,13,0.6798489241772271,0.10185010546583882,0.5779988187113883,1
Rex,experiment2,28,428,Recolored Region 14 to Color 3,10 14,2.7,recolor,14.0,3.0,13.0,2.0,,,1,17,16,2,1,True,Rex,28,13,0.6798489241772271,0.6798489241772271,0.0,0
Rex,experiment2,28,429,Recolored Region 10 to Color 4,9 10,12.3,recolor,10.0,4.0,9.0,3.0,,,1,18,17,2,1,True,Rex,28,9,0.6217362918452729,0.6798489241772271,-0.058112632331954184,0
Rex,experiment2,28,430,Recolored Region 9 to Color 1,,16.0,recolor,9.0,1.0,8.0,0.0,,,1,19,18,0,1,True,Rex,28,8,0.4088125592756227,0.6217362918452729,-0.2129237325696502,0
Rex,experiment2,29,432,Recolored Region 32 to Color 3,7 8 14 21,4.9,recolor,32.0,3.0,31.0,2.0,,,1,2,1,4,1,True,Rex,29,31,0.7077584926439497,,,
Rex,experiment2,29,433,Recolored Region 7 to Color 3,8 21,3.8,recolor,7.0,3.0,6.0,2.0,,,1,3,2,2,1,True,Rex,29,6,0.4788038346057757,0.7077584926439497,-0.22895465803817405,0
Rex,experiment2,29,434,Recolored Region 8 to Color 1,8 27,4.7,recolor,8.0,1.0,7.0,0.0,,,1,4,3,2,1,True,Rex,29,7,0.18970898643515424,0.4788038346057757,-0.2890948481706215,0
Rex,experiment2,29,435,Recolored Region 35 to Color 2,8 20 27 35,4.4,recolor,35.0,2.0,34.0,1.0,,,1,5,4,4,1,True,Rex,29,34,0.6473693975849187,0.18970898643515424,0.4576604111497645,1
Rex,experiment2,29,436,Recolored Region 27 to Color 4,20 27 29 35,2.2,recolor,27.0,4.0,26.0,3.0,,,1,6,5,4,1,True,Rex,29,26,0.49942336504861046,0.6473693975849187,-0.14794603253630828,0
Rex,experiment2,29,437,Recolored Region 20 to Color 4,20 27 29,0.6,recolor,20.0,4.0,19.0,3.0,,,1,7,6,3,1,True,Rex,29,19,0.5938830654562266,0.49942336504861046,0.09445970040761614,1
Rex,experiment2,29,438,Recolored Region 27 to Color 2,,3.0,recolor,27.0,2.0,26.0,1.0,,,1,8,7,0,1,True,Rex,29,26,0.49942336504861046,0.5938830654562266,-0.09445970040761614,0
Rex,experiment2,30,440,Recolored Region 3 to Color 1,2 3 11 14 24 27 29 32 34 39 44,3.4,recolor,3.0,1.0,2.0,0.0,,,1,2,1,11,1,True,Rex,30,2,0.7967777430276477,,,
Rex,experiment2,30,441,Recolored Region 39 to Color 2,2 11 14 24 27 29 32 34 44,3.7,recolor,39.0,2.0,38.0,1.0,,,1,3,2,9,1,True,Rex,30,38,0.8843967867131516,0.7967777430276477,0.08761904368550388,1
Rex,experiment2,30,442,Recolored Region 27 to Color 2,2 11 14 24 29 32 34 44,6.2,recolor,27.0,2.0,26.0,1.0,,,1,4,3,8,1,True,Rex,30,26,0.7432468620491356,0.8843967867131516,-0.141149924664016,0
Rex,experiment2,30,443,Recolored Region 2 to Color 2,11 14 24 29 32 34 44,5.3,recolor,2.0,2.0,1.0,1.0,,,1,5,4,7,1,True,Rex,30,1,0.8012496003642744,0.7432468620491356,0.0580027383151388,1
Rex,experiment2,30,444,Recolored Region 11 to Color 4,7 11 14 32 34 44,2.5,recolor,11.0,4.0,10.0,3.0,,,1,6,5,6,1,True,Rex,30,10,0.5011656536995854,0.8012496003642744,-0.30008394666468896,0
Rex,experiment2,30,445,Recolored Region 14 to Color 3,7 11 32 44,7.8,recolor,14.0,3.0,13.0,2.0,,,1,7,6,4,1,True,Rex,30,13,0.5559933728970105,0.5011656536995854,0.05482771919742502,1
Rex,experiment2,30,446,Recolored Region 32 to Color 4,7 11 32 40,8.3,recolor,32.0,4.0,31.0,3.0,,,1,8,7,4,1,True,Rex,30,31,0.30403768177807605,0.5559933728970105,-0.2519556911189344,0
Rex,experiment2,30,447,Recolored Region 40 to Color 2,7 11 19 40,6.6,recolor,40.0,2.0,39.0,1.0,,,1,9,8,4,1,True,Rex,30,39,0.4716489618345737,0.30403768177807605,0.16761128005649767,1
Rex,experiment2,30,448,Recolored Region 19 to Color 4,7 11,1.6,recolor,19.0,4.0,18.0,3.0,,,1,10,9,2,1,True,Rex,30,18,0.536797188667359,0.4716489618345737,0.06514822683278532,1
Rex,experiment2,30,449,Recolored Region 7 to Color 3,7 33,4.6,recolor,7.0,3.0,6.0,2.0,,,1,11,10,2,1,True,Rex,30,6,0.600688345376916,0.536797188667359,0.06389115670955692,1
Rex,experiment2,30,450,Recolored Region 33 to Color 2,,2.4,recolor,33.0,2.0,32.0,1.0,,,1,12,11,0,1,True,Rex,30,32,0.41993874281595206,0.600688345376916,-0.1807496025609639,0
